"cell_id","area_km2","records","flora_species","fauna_species","species","recent_records","status","priority","tooltip"
"A014",0.589199077586584,0,0,0,0,0,"Sin registros",1,"Celda: A014<br>Estado: Sin registros<br>Registros:      0<br>Especies: 0<br>Area: 0.6 km2"
"A015",11.8333937867875,6,3,1,4,1,"Cobertura muy baja",2,"Celda: A015<br>Estado: Cobertura muy baja<br>Registros:      6<br>Especies: 4<br>Area: 11.8 km2"
"A016",13.0691756708195,3,1,0,1,0,"Cobertura muy baja",2,"Celda: A016<br>Estado: Cobertura muy baja<br>Registros:      3<br>Especies: 1<br>Area: 13.1 km2"
"A017",16.1878974260751,2,0,2,2,2,"Cobertura muy baja",2,"Celda: A017<br>Estado: Cobertura muy baja<br>Registros:      2<br>Especies: 2<br>Area: 16.2 km2"
"A018",6.60377145320129,0,0,0,0,0,"Sin registros",1,"Celda: A018<br>Estado: Sin registros<br>Registros:      0<br>Especies: 0<br>Area: 6.6 km2"
"A036",20.8666631310301,75,0,38,38,57,"Cobertura suficiente",4,"Celda: A036<br>Estado: Cobertura suficiente<br>Registros:     75<br>Especies: 38<br>Area: 20.9 km2"
"A037",25,6,6,0,6,0,"Cobertura muy baja",2,"Celda: A037<br>Estado: Cobertura muy baja<br>Registros:      6<br>Especies: 6<br>Area: 25 km2"
"A038",25,3,1,0,1,0,"Cobertura muy baja",2,"Celda: A038<br>Estado: Cobertura muy baja<br>Registros:      3<br>Especies: 1<br>Area: 25 km2"
"A039",25,35,5,17,22,16,"Cobertura baja",3,"Celda: A039<br>Estado: Cobertura baja<br>Registros:     35<br>Especies: 22<br>Area: 25 km2"
"A040",23.3935257448597,49,2,0,2,0,"Cobertura muy baja",2,"Celda: A040<br>Estado: Cobertura muy baja<br>Registros:     49<br>Especies: 2<br>Area: 23.4 km2"
"A041",10.7130228432517,0,0,0,0,0,"Sin registros",1,"Celda: A041<br>Estado: Sin registros<br>Registros:      0<br>Especies: 0<br>Area: 10.7 km2"
"A056",5.08789003489372,68,1,26,27,59,"Cobertura suficiente",4,"Celda: A056<br>Estado: Cobertura suficiente<br>Registros:     68<br>Especies: 27<br>Area: 5.1 km2"
"A057",16.0090721655523,3,0,3,3,0,"Cobertura muy baja",2,"Celda: A057<br>Estado: Cobertura muy baja<br>Registros:      3<br>Especies: 3<br>Area: 16 km2"
"A058",25,0,0,0,0,0,"Sin registros",1,"Celda: A058<br>Estado: Sin registros<br>Registros:      0<br>Especies: 0<br>Area: 25 km2"
"A059",25,32,0,32,32,32,"Cobertura baja",3,"Celda: A059<br>Estado: Cobertura baja<br>Registros:     32<br>Especies: 32<br>Area: 25 km2"
"A060",25,2,2,0,2,0,"Cobertura muy baja",2,"Celda: A060<br>Estado: Cobertura muy baja<br>Registros:      2<br>Especies: 2<br>Area: 25 km2"
"A061",25,2,1,0,1,0,"Cobertura muy baja",2,"Celda: A061<br>Estado: Cobertura muy baja<br>Registros:      2<br>Especies: 1<br>Area: 25 km2"
"A062",25,5,1,1,2,0,"Cobertura muy baja",2,"Celda: A062<br>Estado: Cobertura muy baja<br>Registros:      5<br>Especies: 2<br>Area: 25 km2"
"A063",6.43048683799727,1,1,0,1,0,"Cobertura muy baja",2,"Celda: A063<br>Estado: Cobertura muy baja<br>Registros:      1<br>Especies: 1<br>Area: 6.4 km2"
"A075",4.19522334208161,1,0,1,1,0,"Cobertura muy baja",2,"Celda: A075<br>Estado: Cobertura muy baja<br>Registros:      1<br>Especies: 1<br>Area: 4.2 km2"
"A076",11.4399985939527,84,12,26,38,47,"Cobertura suficiente",4,"Celda: A076<br>Estado: Cobertura suficiente<br>Registros:     84<br>Especies: 38<br>Area: 11.4 km2"
"A077",19.5618397472583,348,103,24,127,6,"Cobertura suficiente",4,"Celda: A077<br>Estado: Cobertura suficiente<br>Registros:    348<br>Especies: 127<br>Area: 19.6 km2"
"A078",24.9446147555788,4199,24,161,185,2813,"Cobertura suficiente",4,"Celda: A078<br>Estado: Cobertura suficiente<br>Registros:  4,199<br>Especies: 185<br>Area: 24.9 km2"
"A079",25,60,1,30,31,3,"Cobertura suficiente",4,"Celda: A079<br>Estado: Cobertura suficiente<br>Registros:     60<br>Especies: 31<br>Area: 25 km2"
"A080",25,1,1,0,1,0,"Cobertura muy baja",2,"Celda: A080<br>Estado: Cobertura muy baja<br>Registros:      1<br>Especies: 1<br>Area: 25 km2"
"A081",25,1,1,0,1,0,"Cobertura muy baja",2,"Celda: A081<br>Estado: Cobertura muy baja<br>Registros:      1<br>Especies: 1<br>Area: 25 km2"
"A082",25,0,0,0,0,0,"Sin registros",1,"Celda: A082<br>Estado: Sin registros<br>Registros:      0<br>Especies: 0<br>Area: 25 km2"
"A083",25,7,6,0,6,5,"Cobertura muy baja",2,"Celda: A083<br>Estado: Cobertura muy baja<br>Registros:      7<br>Especies: 6<br>Area: 25 km2"
"A084",25,5,0,5,5,5,"Cobertura muy baja",2,"Celda: A084<br>Estado: Cobertura muy baja<br>Registros:      5<br>Especies: 5<br>Area: 25 km2"
"A085",9.97899145719992,2,0,2,2,0,"Cobertura muy baja",2,"Celda: A085<br>Estado: Cobertura muy baja<br>Registros:      2<br>Especies: 2<br>Area: 10 km2"
"A086",7.81570919393587,0,0,0,0,0,"Sin registros",1,"Celda: A086<br>Estado: Sin registros<br>Registros:      0<br>Especies: 0<br>Area: 7.8 km2"
"A095",5.44184770354518,0,0,0,0,0,"Sin registros",1,"Celda: A095<br>Estado: Sin registros<br>Registros:      0<br>Especies: 0<br>Area: 5.4 km2"
"A096",16.2851422028537,4,1,0,1,0,"Cobertura muy baja",2,"Celda: A096<br>Estado: Cobertura muy baja<br>Registros:      4<br>Especies: 1<br>Area: 16.3 km2"
"A097",24.8907174735945,29,1,27,28,2,"Cobertura baja",3,"Celda: A097<br>Estado: Cobertura baja<br>Registros:     29<br>Especies: 28<br>Area: 24.9 km2"
"A098",25,236,22,71,93,34,"Cobertura suficiente",4,"Celda: A098<br>Estado: Cobertura suficiente<br>Registros:    236<br>Especies: 93<br>Area: 25 km2"
"A099",24.9999999999983,4001,154,196,350,1880,"Cobertura suficiente",4,"Celda: A099<br>Estado: Cobertura suficiente<br>Registros:  4,001<br>Especies: 350<br>Area: 25 km2"
"A100",25,1973,8,127,135,1313,"Cobertura suficiente",4,"Celda: A100<br>Estado: Cobertura suficiente<br>Registros:  1,973<br>Especies: 135<br>Area: 25 km2"
"A101",25,37,2,32,34,19,"Cobertura baja",3,"Celda: A101<br>Estado: Cobertura baja<br>Registros:     37<br>Especies: 34<br>Area: 25 km2"
"A102",25,4,3,1,4,2,"Cobertura muy baja",2,"Celda: A102<br>Estado: Cobertura muy baja<br>Registros:      4<br>Especies: 4<br>Area: 25 km2"
"A103",25,261,68,25,93,0,"Cobertura suficiente",4,"Celda: A103<br>Estado: Cobertura suficiente<br>Registros:    261<br>Especies: 93<br>Area: 25 km2"
"A104",25,31,0,28,28,0,"Cobertura baja",3,"Celda: A104<br>Estado: Cobertura baja<br>Registros:     31<br>Especies: 28<br>Area: 25 km2"
"A105",25,78,4,22,26,37,"Cobertura suficiente",4,"Celda: A105<br>Estado: Cobertura suficiente<br>Registros:     78<br>Especies: 26<br>Area: 25 km2"
"A106",25,266,36,68,104,206,"Cobertura suficiente",4,"Celda: A106<br>Estado: Cobertura suficiente<br>Registros:    266<br>Especies: 104<br>Area: 25 km2"
"A107",25,63,2,20,22,48,"Cobertura suficiente",4,"Celda: A107<br>Estado: Cobertura suficiente<br>Registros:     63<br>Especies: 22<br>Area: 25 km2"
"A108",24.9964930257616,46,4,2,6,1,"Cobertura baja",3,"Celda: A108<br>Estado: Cobertura baja<br>Registros:     46<br>Especies: 6<br>Area: 25 km2"
"A109",12.7516237215753,31,10,7,17,29,"Cobertura baja",3,"Celda: A109<br>Estado: Cobertura baja<br>Registros:     31<br>Especies: 17<br>Area: 12.8 km2"
"A115",1.9269236965838,0,0,0,0,0,"Sin registros",1,"Celda: A115<br>Estado: Sin registros<br>Registros:      0<br>Especies: 0<br>Area: 1.9 km2"
"A116",13.0009316579082,118,1,40,41,0,"Cobertura suficiente",4,"Celda: A116<br>Estado: Cobertura suficiente<br>Registros:    118<br>Especies: 41<br>Area: 13 km2"
"A117",24.5782035105672,22,1,19,20,1,"Cobertura baja",3,"Celda: A117<br>Estado: Cobertura baja<br>Registros:     22<br>Especies: 20<br>Area: 24.6 km2"
"A118",25,53,0,53,53,0,"Cobertura suficiente",4,"Celda: A118<br>Estado: Cobertura suficiente<br>Registros:     53<br>Especies: 53<br>Area: 25 km2"
"A119",25,2,0,2,2,2,"Cobertura muy baja",2,"Celda: A119<br>Estado: Cobertura muy baja<br>Registros:      2<br>Especies: 2<br>Area: 25 km2"
"A120",25,714,30,98,128,204,"Cobertura suficiente",4,"Celda: A120<br>Estado: Cobertura suficiente<br>Registros:    714<br>Especies: 128<br>Area: 25 km2"
"A121",24.9999999999997,7761,70,192,262,4434,"Cobertura suficiente",4,"Celda: A121<br>Estado: Cobertura suficiente<br>Registros:  7,761<br>Especies: 262<br>Area: 25 km2"
"A122",25,90,5,50,55,6,"Cobertura suficiente",4,"Celda: A122<br>Estado: Cobertura suficiente<br>Registros:     90<br>Especies: 55<br>Area: 25 km2"
"A123",25,995,31,113,144,829,"Cobertura suficiente",4,"Celda: A123<br>Estado: Cobertura suficiente<br>Registros:    995<br>Especies: 144<br>Area: 25 km2"
"A124",25,157,8,58,66,38,"Cobertura suficiente",4,"Celda: A124<br>Estado: Cobertura suficiente<br>Registros:    157<br>Especies: 66<br>Area: 25 km2"
"A125",25,19,2,12,14,0,"Cobertura baja",3,"Celda: A125<br>Estado: Cobertura baja<br>Registros:     19<br>Especies: 14<br>Area: 25 km2"
"A126",25,609,16,102,118,497,"Cobertura suficiente",4,"Celda: A126<br>Estado: Cobertura suficiente<br>Registros:    609<br>Especies: 118<br>Area: 25 km2"
"A127",25,656,4,79,83,632,"Cobertura suficiente",4,"Celda: A127<br>Estado: Cobertura suficiente<br>Registros:    656<br>Especies: 83<br>Area: 25 km2"
"A128",25,5799,5,133,138,5682,"Cobertura suficiente",4,"Celda: A128<br>Estado: Cobertura suficiente<br>Registros:  5,799<br>Especies: 138<br>Area: 25 km2"
"A129",25,602,60,73,133,463,"Cobertura suficiente",4,"Celda: A129<br>Estado: Cobertura suficiente<br>Registros:    602<br>Especies: 133<br>Area: 25 km2"
"A130",25,109,13,48,61,34,"Cobertura suficiente",4,"Celda: A130<br>Estado: Cobertura suficiente<br>Registros:    109<br>Especies: 61<br>Area: 25 km2"
"A131",20.5251891510825,289,6,54,60,168,"Cobertura suficiente",4,"Celda: A131<br>Estado: Cobertura suficiente<br>Registros:    289<br>Especies: 60<br>Area: 20.5 km2"
"A132",11.2681127948944,166,4,30,34,161,"Cobertura suficiente",4,"Celda: A132<br>Estado: Cobertura suficiente<br>Registros:    166<br>Especies: 34<br>Area: 11.3 km2"
"A135",3.05806601544185,1,1,0,1,0,"Cobertura muy baja",2,"Celda: A135<br>Estado: Cobertura muy baja<br>Registros:      1<br>Especies: 1<br>Area: 3.1 km2"
"A136",10.2372370193821,459,51,102,153,241,"Cobertura suficiente",4,"Celda: A136<br>Estado: Cobertura suficiente<br>Registros:    459<br>Especies: 153<br>Area: 10.2 km2"
"A137",17.1067441787275,6,1,4,5,3,"Cobertura muy baja",2,"Celda: A137<br>Estado: Cobertura muy baja<br>Registros:      6<br>Especies: 5<br>Area: 17.1 km2"
"A138",25,82,0,42,42,0,"Cobertura suficiente",4,"Celda: A138<br>Estado: Cobertura suficiente<br>Registros:     82<br>Especies: 42<br>Area: 25 km2"
"A139",20.9407990093048,57,6,22,28,0,"Cobertura suficiente",4,"Celda: A139<br>Estado: Cobertura suficiente<br>Registros:     57<br>Especies: 28<br>Area: 20.9 km2"
"A140",24.8608955565056,1,1,0,1,1,"Cobertura muy baja",2,"Celda: A140<br>Estado: Cobertura muy baja<br>Registros:      1<br>Especies: 1<br>Area: 24.9 km2"
"A141",25,1,1,0,1,0,"Cobertura muy baja",2,"Celda: A141<br>Estado: Cobertura muy baja<br>Registros:      1<br>Especies: 1<br>Area: 25 km2"
"A142",24.9999999999998,1822,30,141,171,1153,"Cobertura suficiente",4,"Celda: A142<br>Estado: Cobertura suficiente<br>Registros:  1,822<br>Especies: 171<br>Area: 25 km2"
"A143",25,97,17,30,47,1,"Cobertura suficiente",4,"Celda: A143<br>Estado: Cobertura suficiente<br>Registros:     97<br>Especies: 47<br>Area: 25 km2"
"A144",25,13,0,11,11,11,"Cobertura baja",3,"Celda: A144<br>Estado: Cobertura baja<br>Registros:     13<br>Especies: 11<br>Area: 25 km2"
"A145",25,88,0,35,35,88,"Cobertura suficiente",4,"Celda: A145<br>Estado: Cobertura suficiente<br>Registros:     88<br>Especies: 35<br>Area: 25 km2"
"A146",25,53,2,23,25,52,"Cobertura suficiente",4,"Celda: A146<br>Estado: Cobertura suficiente<br>Registros:     53<br>Especies: 25<br>Area: 25 km2"
"A147",25,40,8,17,25,3,"Cobertura baja",3,"Celda: A147<br>Estado: Cobertura baja<br>Registros:     40<br>Especies: 25<br>Area: 25 km2"
"A148",25,94,30,40,70,56,"Cobertura suficiente",4,"Celda: A148<br>Estado: Cobertura suficiente<br>Registros:     94<br>Especies: 70<br>Area: 25 km2"
"A149",25,2725,4,113,117,2716,"Cobertura suficiente",4,"Celda: A149<br>Estado: Cobertura suficiente<br>Registros:  2,725<br>Especies: 117<br>Area: 25 km2"
"A150",25,143,10,41,51,68,"Cobertura suficiente",4,"Celda: A150<br>Estado: Cobertura suficiente<br>Registros:    143<br>Especies: 51<br>Area: 25 km2"
"A151",25,10691,27,132,159,9277,"Cobertura suficiente",4,"Celda: A151<br>Estado: Cobertura suficiente<br>Registros: 10,691<br>Especies: 159<br>Area: 25 km2"
"A152",12.6927701564099,9479,4,164,168,4780,"Cobertura suficiente",4,"Celda: A152<br>Estado: Cobertura suficiente<br>Registros:  9,479<br>Especies: 168<br>Area: 12.7 km2"
"A153",0.967794262118176,0,0,0,0,0,"Sin registros",1,"Celda: A153<br>Estado: Sin registros<br>Registros:      0<br>Especies: 0<br>Area: 1 km2"
"A155",9.01000914820757,1,0,1,1,0,"Cobertura muy baja",2,"Celda: A155<br>Estado: Cobertura muy baja<br>Registros:      1<br>Especies: 1<br>Area: 9 km2"
"A156",14.7276142246709,0,0,0,0,0,"Sin registros",1,"Celda: A156<br>Estado: Sin registros<br>Registros:      0<br>Especies: 0<br>Area: 14.7 km2"
"A157",20.646194701683,1764,179,198,377,970,"Cobertura suficiente",4,"Celda: A157<br>Estado: Cobertura suficiente<br>Registros:  1,764<br>Especies: 377<br>Area: 20.6 km2"
"A158",25,360,50,82,132,221,"Cobertura suficiente",4,"Celda: A158<br>Estado: Cobertura suficiente<br>Registros:    360<br>Especies: 132<br>Area: 25 km2"
"A159",25,8,3,2,5,2,"Cobertura muy baja",2,"Celda: A159<br>Estado: Cobertura muy baja<br>Registros:      8<br>Especies: 5<br>Area: 25 km2"
"A160",19.4018905393019,1,1,0,1,1,"Cobertura muy baja",2,"Celda: A160<br>Estado: Cobertura muy baja<br>Registros:      1<br>Especies: 1<br>Area: 19.4 km2"
"A161",7.28899869128847,1,0,1,1,0,"Cobertura muy baja",2,"Celda: A161<br>Estado: Cobertura muy baja<br>Registros:      1<br>Especies: 1<br>Area: 7.3 km2"
"A162",3.17013070956993,2,1,1,2,2,"Cobertura muy baja",2,"Celda: A162<br>Estado: Cobertura muy baja<br>Registros:      2<br>Especies: 2<br>Area: 3.2 km2"
"A163",15.5092771944437,29,5,23,28,2,"Cobertura baja",3,"Celda: A163<br>Estado: Cobertura baja<br>Registros:     29<br>Especies: 28<br>Area: 15.5 km2"
"A164",24.1403362940771,7394,87,254,341,4057,"Cobertura suficiente",4,"Celda: A164<br>Estado: Cobertura suficiente<br>Registros:  7,394<br>Especies: 341<br>Area: 24.1 km2"
"A165",17.466185490875,29,22,7,29,7,"Cobertura baja",3,"Celda: A165<br>Estado: Cobertura baja<br>Registros:     29<br>Especies: 29<br>Area: 17.5 km2"
"A166",19.7174737272024,6,2,2,4,6,"Cobertura muy baja",2,"Celda: A166<br>Estado: Cobertura muy baja<br>Registros:      6<br>Especies: 4<br>Area: 19.7 km2"
"A167",24.6453838203648,17,4,10,14,14,"Cobertura baja",3,"Celda: A167<br>Estado: Cobertura baja<br>Registros:     17<br>Especies: 14<br>Area: 24.6 km2"
"A168",22.7915290807097,7,1,3,4,3,"Cobertura muy baja",2,"Celda: A168<br>Estado: Cobertura muy baja<br>Registros:      7<br>Especies: 4<br>Area: 22.8 km2"
"A169",25,15,6,2,8,10,"Cobertura baja",3,"Celda: A169<br>Estado: Cobertura baja<br>Registros:     15<br>Especies: 8<br>Area: 25 km2"
"A170",25,8,2,2,4,6,"Cobertura muy baja",2,"Celda: A170<br>Estado: Cobertura muy baja<br>Registros:      8<br>Especies: 4<br>Area: 25 km2"
"A171",25,156,5,48,53,130,"Cobertura suficiente",4,"Celda: A171<br>Estado: Cobertura suficiente<br>Registros:    156<br>Especies: 53<br>Area: 25 km2"
"A172",14.7850144069582,80,1,21,22,68,"Cobertura suficiente",4,"Celda: A172<br>Estado: Cobertura suficiente<br>Registros:     80<br>Especies: 22<br>Area: 14.8 km2"
"A173",2.91304899024552,44,0,21,21,11,"Cobertura baja",3,"Celda: A173<br>Estado: Cobertura baja<br>Registros:     44<br>Especies: 21<br>Area: 2.9 km2"
"A177",12.1374653461701,1,0,1,1,1,"Cobertura muy baja",2,"Celda: A177<br>Estado: Cobertura muy baja<br>Registros:      1<br>Especies: 1<br>Area: 12.1 km2"
"A178",25,1,0,1,1,0,"Cobertura muy baja",2,"Celda: A178<br>Estado: Cobertura muy baja<br>Registros:      1<br>Especies: 1<br>Area: 25 km2"
"A179",25,86,6,42,48,54,"Cobertura suficiente",4,"Celda: A179<br>Estado: Cobertura suficiente<br>Registros:     86<br>Especies: 48<br>Area: 25 km2"
"A180",25,472,11,116,127,422,"Cobertura suficiente",4,"Celda: A180<br>Estado: Cobertura suficiente<br>Registros:    472<br>Especies: 127<br>Area: 25 km2"
"A181",25,27,2,19,21,23,"Cobertura baja",3,"Celda: A181<br>Estado: Cobertura baja<br>Registros:     27<br>Especies: 21<br>Area: 25 km2"
"A182",4.94464278092813,0,0,0,0,0,"Sin registros",1,"Celda: A182<br>Estado: Sin registros<br>Registros:      0<br>Especies: 0<br>Area: 4.9 km2"
"A186",5.13931223812686,565,38,107,145,339,"Cobertura suficiente",4,"Celda: A186<br>Estado: Cobertura suficiente<br>Registros:    565<br>Especies: 145<br>Area: 5.1 km2"
"A187",1.41328661556707,2,2,0,2,2,"Cobertura muy baja",2,"Celda: A187<br>Estado: Cobertura muy baja<br>Registros:      2<br>Especies: 2<br>Area: 1.4 km2"
"A189",3.73666362274629,0,0,0,0,0,"Sin registros",1,"Celda: A189<br>Estado: Sin registros<br>Registros:      0<br>Especies: 0<br>Area: 3.7 km2"
"A190",11.3250133812287,11,3,5,8,8,"Cobertura baja",3,"Celda: A190<br>Estado: Cobertura baja<br>Registros:     11<br>Especies: 8<br>Area: 11.3 km2"
"A191",23.7152985606773,58,9,24,33,48,"Cobertura suficiente",4,"Celda: A191<br>Estado: Cobertura suficiente<br>Registros:     58<br>Especies: 33<br>Area: 23.7 km2"
"A192",20.3028886578625,49,5,21,26,47,"Cobertura baja",3,"Celda: A192<br>Estado: Cobertura baja<br>Registros:     49<br>Especies: 26<br>Area: 20.3 km2"
"A193",13.5176380480576,208,13,75,88,157,"Cobertura suficiente",4,"Celda: A193<br>Estado: Cobertura suficiente<br>Registros:    208<br>Especies: 88<br>Area: 13.5 km2"
"A194",2.45680301806716,0,0,0,0,0,"Sin registros",1,"Celda: A194<br>Estado: Sin registros<br>Registros:      0<br>Especies: 0<br>Area: 2.5 km2"
"A199",18.7695774590119,0,0,0,0,0,"Sin registros",1,"Celda: A199<br>Estado: Sin registros<br>Registros:      0<br>Especies: 0<br>Area: 18.8 km2"
"A200",25,1,0,1,1,1,"Cobertura muy baja",2,"Celda: A200<br>Estado: Cobertura muy baja<br>Registros:      1<br>Especies: 1<br>Area: 25 km2"
"A201",25,36,3,16,19,1,"Cobertura baja",3,"Celda: A201<br>Estado: Cobertura baja<br>Registros:     36<br>Especies: 19<br>Area: 25 km2"
"A202",25,79,41,2,43,2,"Cobertura suficiente",4,"Celda: A202<br>Estado: Cobertura suficiente<br>Registros:     79<br>Especies: 43<br>Area: 25 km2"
"A203",23.2005081426423,2,2,0,2,0,"Cobertura muy baja",2,"Celda: A203<br>Estado: Cobertura muy baja<br>Registros:      2<br>Especies: 2<br>Area: 23.2 km2"
"A204",0.86415063178074,0,0,0,0,0,"Sin registros",1,"Celda: A204<br>Estado: Sin registros<br>Registros:      0<br>Especies: 0<br>Area: 0.9 km2"
"A212",4.696296135975,3,2,0,2,3,"Cobertura muy baja",2,"Celda: A212<br>Estado: Cobertura muy baja<br>Registros:      3<br>Especies: 2<br>Area: 4.7 km2"
"A213",2.86543009160059,2,1,0,1,0,"Cobertura muy baja",2,"Celda: A213<br>Estado: Cobertura muy baja<br>Registros:      2<br>Especies: 1<br>Area: 2.9 km2"
"A221",3.90446936578184,0,0,0,0,0,"Sin registros",1,"Celda: A221<br>Estado: Sin registros<br>Registros:      0<br>Especies: 0<br>Area: 3.9 km2"
"A222",10.7035809163334,1,0,1,1,1,"Cobertura muy baja",2,"Celda: A222<br>Estado: Cobertura muy baja<br>Registros:      1<br>Especies: 1<br>Area: 10.7 km2"
"A223",22.2078513266003,30,0,27,27,0,"Cobertura baja",3,"Celda: A223<br>Estado: Cobertura baja<br>Registros:     30<br>Especies: 27<br>Area: 22.2 km2"
"A224",20.9877829527318,167,80,1,81,1,"Cobertura suficiente",4,"Celda: A224<br>Estado: Cobertura suficiente<br>Registros:    167<br>Especies: 81<br>Area: 21 km2"
"A225",2.51339985023861,0,0,0,0,0,"Sin registros",1,"Celda: A225<br>Estado: Sin registros<br>Registros:      0<br>Especies: 0<br>Area: 2.5 km2"
"A246",1.44587594969223,1,0,1,1,0,"Cobertura muy baja",2,"Celda: A246<br>Estado: Cobertura muy baja<br>Registros:      1<br>Especies: 1<br>Area: 1.4 km2"
