"dataset_key","dataset_title","dataset_doi","publishing_organization_key"
"26d72d3b-4544-4645-aa56-27aa8a669c6f","A Distribution and Taxonomic Reference Dataset of Geranium (Geraniaceae) in the New World","10.15470/ibqzdo","0363cbd4-f666-455e-8e86-0bbddcf51950"
"640142cc-ff7e-49f3-902a-a0fd5a7a3560","A checklist to the wasps of Peru (Hymenoptera, Aculeata)","10.15468/9fuxrf","bb922300-7ddb-11de-a300-90ac77aa923f"
"07044577-bd82-4089-9f3a-f4a9d2170b2e","A global database for the distributions of crop wild relatives","10.15468/jyrthk","fee3882f-5360-4f01-a1ca-767c48fa629c"
"96c93a1e-f762-11e1-a439-00145eb45e9a","AMNH Bird Collection","10.15468/xvzdcm","ccd1ddc0-6c21-11de-8224-b8a03c50a862"
"96ca66b4-f762-11e1-a439-00145eb45e9a","AMNH Mammal Collections","10.15468/wu3poe","ccd1ddc0-6c21-11de-8224-b8a03c50a862"
"13b70480-bd69-11dd-b15f-b8a03c50a862","AntWeb","10.15468/wqmjjt","66522820-055c-11d8-b84e-b8a03c50a862"
"e05fd4c2-4d77-4c50-880e-1b22096af300","Arizona State University Vascular Plant Herbarium","10.15468/a2o8vy","814cdfb5-d4f8-4453-815f-ea5df98e76bf"
"33795d9d-3f94-4b0e-a2f6-d3a03cfce7aa","Bioversity Collecting Mission Database","10.15468/ulk1iz","a3c228d0-3110-11db-abb8-b8a03c50a862"
"defb9a47-c1a7-4fb2-9a0b-2da7c5260cad","Botanical Research Institute of Texas, Philecology Herbarium","10.15468/7nd66f","c4cbb860-e9c7-11da-8113-b8a03c50a862"
"f934f8e2-32ca-46a7-b2f8-b032a4740454","CAS Botany (BOT)","10.15468/7gudyo","66522820-055c-11d8-b84e-b8a03c50a862"
"14f3151a-e95d-493c-a40d-d9938ef62954","CAS Entomology (ENT)","10.15468/3ibpmo","66522820-055c-11d8-b84e-b8a03c50a862"
"6ec3c7f5-6233-48f6-b36a-06b867edbadd","CAS Entomology Type (TYPE)","10.15468/gak5hc","66522820-055c-11d8-b84e-b8a03c50a862"
"5d6c10bd-ea31-4363-8b79-58c96d859f5b","CAS Ichthyology (ICH)","10.15468/efh2ib","66522820-055c-11d8-b84e-b8a03c50a862"
"8346c3a8-f762-11e1-a439-00145eb45e9a","CSIC-Real Jard<U+00ED>n Bot<U+00E1>nico-Colecci<U+00F3>n de Musgos (MA-Musci)","10.15468/aj41tg","0363cbd4-f666-455e-8e86-0bbddcf51950"
"834c9918-f762-11e1-a439-00145eb45e9a","CSIC-Real Jard<U+00ED>n Bot<U+00E1>nico-Colecci<U+00F3>n de Plantas Vasculares (MA)","10.15468/mug7kr","0363cbd4-f666-455e-8e86-0bbddcf51950"
"dba33190-d892-4d2f-8508-36f0fc72dc94","Colecci<U+00F3>n de  Bruniales, Buxales, Canellales y Caryophyllales del Museo Bot<U+00E1>nico CORD - IMBIV","10.15468/xr6lls","7a6bdf66-ef5c-4a81-b731-2e328f4881eb"
"30cb7f3d-58d3-4c21-b2c8-f9d627054db0","Colecci<U+00F3>n de Boraginales y Brassicaless del Museo Bot<U+00E1>nico CORD - IMBIV","10.15468/hfwh6f","7a6bdf66-ef5c-4a81-b731-2e328f4881eb"
"96678e90-f762-11e1-a439-00145eb45e9a","Collection Aves (bird skins) SMF","10.15468/qn6jaa","c76cf030-2a95-11da-9cc1-b8a03c50a862"
"2e69f69c-703f-11e2-ad8f-00145eb45e9a","Culture Collection of Cryophilic Algae","10.15468/hnlxs3","c809a470-090e-498b-abc9-cfd65e90b698"
"c267909d-184f-4138-9e67-a074d478d52b","DAV - University of California, Davis Center for Plant Diversity - Vascular Plants","10.15468/on4axg","f0b6a090-a4c6-11d8-9534-b8a03c50a862"
"3ee66eb3-4786-4bda-b7f1-c145b1a57a6b","Delaware Museum of Nature and Science <U+2013> Mollusks","10.15468/lfwzak","a42867f0-813a-11dc-82e0-b8a03c50a862"
"4fa7b334-ce0d-4e88-aaae-2e0c138d049e","EOD <U+2013> eBird Observation Dataset","10.15468/aomfnb","e2e717bf-551a-4917-bdc9-4fa0f342c530"
"865df020-f762-11e1-a439-00145eb45e9a","EURISCO, The European Genetic Resources Search Catalogue","10.15468/a3lnmd","a3c228d0-3110-11db-abb8-b8a03c50a862"
"8bd8c361-c96b-40c9-91a0-eb3c0e7e0135","Eastern Illinois University, Stover-Ebinger Herbarium","10.15468/tf54rf","b4f35cba-20d6-4266-90b5-8e7f0ac91325"
"bf2a4bf0-5f31-11de-b67e-b8a03c50a862","Edinburgh (E) Herbarium Specimens","10.15468/ypoair","98e934b0-5f31-11de-b67e-b8a03c50a862"
"fb9863f4-68cf-4e90-bc4d-2b15bdebf889","Entomologische Sammlung (ETHZ-ENT) of Eidgen<U+00F6>ssische Technische Hochschule Z<U+00FC>rich","10.15468/9jutqw","9661d20d-86b6-4485-8948-f3c86b022fa7"
"96404cc2-f762-11e1-a439-00145eb45e9a","Entomology Division, Yale Peabody Museum","10.15468/95waq3","2e167bb0-4441-11db-9ba2-b8a03c50a862"
"832cb04e-f762-11e1-a439-00145eb45e9a","Fairchild Tropical Botanic Garden (FTG)","10.15468/hdpruf","bd561840-efdc-11d9-a329-b8a03c50a862"
"36f15a36-6b45-442e-9c31-cd633423aee0","Field Museum of Natural History (Zoology) Bird Collection","10.15468/exkxdx","7b8aff00-a9f8-11d8-944b-b8a03c50a862"
"afc30a94-6107-488a-b9c0-ba9c4fa68b7c","Field Museum of Natural History (Zoology) Fish Collection","10.15468/alz7wu","7b8aff00-a9f8-11d8-944b-b8a03c50a862"
"7931dcab-94f1-46ce-8092-56e4335423de","Field Museum of Natural History (Zoology) Insect, Arachnid and Myriapod Collection","10.15468/0ywfpc","7b8aff00-a9f8-11d8-944b-b8a03c50a862"
"41fc5c40-5e81-496f-9733-6b5681b3b7a5","Field Museum of Natural History (Zoology) Mammal Collection","10.15468/n4zgxw","7b8aff00-a9f8-11d8-944b-b8a03c50a862"
"fdf55163-54d8-4bc7-862d-7e41068589e3","HRCB - Herb<U+00E1>rio Rioclarense","10.15468/nprbvk","92bd7d31-3255-4f1c-8552-cbb6fbe60478"
"2e684fd6-09e2-4661-910a-0a188b610c04","HUEFS - Herbario da Universidade Estadual de Feira de Santana","10.15468/6ymx97","60545be9-4f28-4245-b4b4-07635c8dfa54"
"6cb1a437-f8a6-4bdc-a534-87cf2b710427","HUEFS herbarium - Universidade Estadual de Feira de Santana - Herb<U+00E1>rio Virtual REFLORA","10.15468/gsy3jn","838537fc-4aeb-4980-8b58-97fbdcd1d91a"
"09010edb-5e55-4dc0-8a97-a26a3bb89e85","HUFU - Herbarium Uberlandense","10.15468/m2murq","9610290b-e0ea-439b-b726-ba11bcecfb86"
"3cc6171e-8c52-4f65-ad7a-32c74e395f29","Herbarium - Instituto Nacional de Pesquisas da Amaz<U+00F4>nia (INPA)","10.15468/5ictpz","c0d9c91a-0f83-4819-bf7e-bb5e1184eb6b"
"f8f35535-8c10-43fc-89dc-eb0843f25394","Herbarium GB, University of Gothenburg","10.15468/asgd85","0ed04352-6745-4665-9e11-7117ee91a96b"
"4747636a-d019-4f30-a0c2-c930b864ad7e","Herbarium areqvipense (HUSA)","10.15468/u6ypjm","28d17f8f-39f3-4041-9734-67c4f1e7693e"
"2273e40d-26c2-4959-aea2-b6abcce16d09","ICN - Herb<U+00E1>rio do Instituto de Ci<U+00EA>ncias Naturais","10.15468/gwuezt","04481953-6112-489f-bb8d-9703d787e3ea"
"4bda7e86-c7c0-440e-bed4-bde6c52a28c2","ICN herbarium - Universidade Federal do Rio Grande do Sul - Herb<U+00E1>rio Virtual REFLORA","10.15468/suhqjx","838537fc-4aeb-4980-8b58-97fbdcd1d91a"
"d8cd16ba-bb74-4420-821e-083f2bac17c2","INSDC Sequences","10.15468/sbmztx","ada9d123-ddb4-467d-8891-806ea8d94230"
"df761c30-988d-4ff8-b7d4-b24ff51c0c8d","IRAI - Herb<U+00E1>rio do Parque da Ci<U+00EA>ncia Newton Freire Maia","10.15468/nr4sgo","a22bfc81-4a56-411f-9a83-860e28e22374"
"39c43f87-ad33-48f6-867c-29768e1f06d1","Indiana University Herbarium, Deam Herbarium","10.15468/rcp3pv","26a503f6-b337-424b-8d7a-b3ab11d2597f"
"ca0d1f8f-4ba5-4187-82ec-ed8a66745b67","Insect Occurrence Data from MIZA","10.15468/ah3is7","3eeffcbd-0e84-4223-ac65-3d32e7cc8511"
"838475f4-f762-11e1-a439-00145eb45e9a","Institut Botanic de Barcelona (IBB), CSIC-CMCNB <U+2013> BC-Plantae","10.15470/kpzouc","6f3ccc65-0a54-4e65-ae7e-13b92d618e7c"
"f5de707d-eba1-4f1a-b1df-1a7fa27b1bc7","Instituto de Bot<U+00E1>nica Darwinion","10.15468/vtfbe3","b6f05cf0-43ce-11d9-8439-b8a03c50a862"
"040c5662-da76-4782-a48e-cdea1892d14c","International Barcode of Life project (iBOL)","10.15468/inygc6","b3bf3a83-1f68-4541-a03f-330d30d567f5"
"dce00a1f-f6b4-4e11-9771-92c62c40ad80","KUBI Herpetology Collection","10.15468/ubdwdc","b554c320-0560-11d8-b851-b8a03c50a862"
"84829fe4-f762-11e1-a439-00145eb45e9a","LSUMZ Birds Collection","10.15468/d90jm5","c361e830-181e-11da-9544-b8a03c50a862"
"7f6dd0f7-9ed4-49c0-bb71-b2a9c7fed9f1","Macaulay Library Audio and Video Collection","10.15468/ckcdpy","e2e717bf-551a-4917-bdc9-4fa0f342c530"
"b740eaa0-0679-41dc-acb7-990d562dfa37","Meise Botanic Garden Herbarium (BR)","10.15468/wrthhx","a344ee9f-f1b7-4761-be2c-58ee6d741395"
"4bfac3ea-8763-4f4b-a71a-76a6f5f243d3","Museum of Comparative Zoology, Harvard University","10.15468/p5rupv","b4640710-8e03-11d8-b956-b8a03c50a862"
"6ac3f774-d9fb-4796-b3e9-92bf6c81c084","NABU|naturgucker","10.15468/uc1apo","bb646dff-a905-4403-a49b-6d378c2cf0d9"
"e5c5cad9-b987-4bb4-b07b-85488c5fdd80","NHMD Ornithology Collection","10.15468/zq2fhw","2e7df380-8356-4533-bcb3-5459e23c794e"
"821cc27a-e3bb-4bc5-ac34-89ada245069d","NMNH Extant Specimen Records (USNM, US)","10.15468/hnhrg3","bc092ff0-02e4-11dc-991f-b8a03c50a862"
"26098c25-8f7f-4c71-97ac-1d3db181c65e","NMNH Material Samples (USNM)","10.15468/jb9tdf","bc092ff0-02e4-11dc-991f-b8a03c50a862"
"7e380070-f762-11e1-a439-00145eb45e9a","Natural History Museum (London) Collection Specimens","10.5519/qd.20dz6blc","19456090-b49a-11d8-abeb-b8a03c50a862"
"7f5260c2-f762-11e1-a439-00145eb45e9a","Natural History Museum, Vienna - Herbarium W","10.15468/5sl7sh","4e11d750-bafb-11d9-8e53-b8a03c50a862"
"15f819bd-6612-4447-854b-14d12ee1022d","Naturalis Biodiversity Center (NL) - Botany","10.15468/ib5ypt","396d5f30-dea9-11db-8ab4-b8a03c50a862"
"55ed002b-5c27-4db4-a616-e4a5af04010b","New records of Frullania Raddi (Frullaniaceae, Marchantiophyta) from Peru including notes on F. tetraptera Nees & Mont. and its synonyms","10.15468/9adhrm","7ce8aef0-9e92-11dc-8738-b8a03c50a862"
"8a863029-f435-446a-821e-275f4f641165","Observation.org, Nature data from around the World","10.15468/5nilie","c8d737e0-2ff8-42e8-b8fc-6b805d26fc5f"
"14d5676a-2c54-4f94-9023-1e8dcd822aa0","Pl@ntNet automatically identified occurrences","10.15468/mma2ec","da86174a-a605-43a4-a5e8-53d484152cd3"
"cd096ec0-a8a0-4c65-92cc-48b00fb934ce","Plant Resources Center","10.15468/g85t8z","3c6ad080-bdbe-11da-ac59-b8a03c50a862"
"0c4bf92b-95c9-4a2a-9756-67d98195459f","RBINS Bird collection","10.15468/4gzrjh","e88c96a3-5884-4e51-a580-e417ca4c9eed"
"8138eb72-f762-11e1-a439-00145eb45e9a","RBINS DaRWIN","10.15468/qxy4mc","e88c96a3-5884-4e51-a580-e417ca4c9eed"
"7adf20e0-c955-11de-95c0-b8a03c50a862","Royal Botanic Garden Edinburgh Living Plant Collections (E)","10.15468/bkzv1l","98e934b0-5f31-11de-b67e-b8a03c50a862"
"cd6e21c8-9e8a-493a-8a76-fbf7862069e5","Royal Botanic Gardens, Kew - Herbarium Specimens","10.15468/ly60bx","061b4f20-f241-11da-a328-b8a03c50a862"
"96867b98-f762-11e1-a439-00145eb45e9a","SINGER Coordinator","10.15468/oya7kn","a3c228d0-3110-11db-abb8-b8a03c50a862"
"1bb3cae3-b91f-4109-8a2d-a1f05f2d6fd3","SPF - Herb<U+00E1>rio da Universidade de S<U+00E3>o Paulo","10.15468/hnlkxx","76dbcb10-efc5-4d5f-87a5-bcd409fc92c8"
"aae308f4-9f9c-4cdd-b4ef-c026f48be551","Snow Entomological Museum Collection","10.15468/fhntpy","b554c320-0560-11d8-b851-b8a03c50a862"
"375eb3fe-af43-4d37-815a-d8bd891e8ca5","Spectacled bear database for Peru","10.15468/8dakqd","1e36575b-aaaf-4171-b226-846f766a516d"
"ac60a288-fcc9-43fe-a7d4-e732b748a981","Spider Mites Collection of Jean Gutierrez","10.15468/y3gua7","0d3422a3-d9fa-4dac-8921-3e03afc4c0a0"
"833db434-f762-11e1-a439-00145eb45e9a","The AAU Herbarium Database","10.15468/7uigwo","8e1a97a0-3ca8-11d9-8439-b8a03c50a862"
"d415c253-4d61-4459-9d25-4015b9084fb0","The New York Botanical Garden Herbarium (NY)","10.15468/6e8nje","ae447c50-b8a8-11d8-92a4-b8a03c50a862"
"85818aea-f762-11e1-a439-00145eb45e9a","The System-wide Information Network for Genetic Resources (SINGER)","10.15468/uw1buh","a3c228d0-3110-11db-abb8-b8a03c50a862"
"83a49751-4282-481e-a847-1c5c224a0551","The University and Jepson Herbaria -- Vascular Plants","10.15468/nmny7h","0dc9c7a0-b5c6-11d9-a0b8-b8a03c50a862"
"fea77396-7b26-44cb-8580-aefadc8db276","The cryptogamy collection (PC) at the Herbarium of the Mus<U+00E9>um national d'Histoire Naturelle (MNHN - Paris)","10.15468/mywiem","2cd829bb-b713-433d-99cf-64bef11e5b3e"
"225ee515-e526-4cc0-b86b-85e8f2e4c83a","The genus Begonia (Begoniaceae) in Peru","10.15468/2h8est","a064f300-1bc8-41ea-9364-b864ef4e8938"
"b5cdf794-8fa4-4a85-8b26-755d087bf531","The vascular plants collection (P) at the Herbarium of the Mus<U+00E9>um national d'Histoire Naturelle (MNHN - Paris)","10.15468/nc6rxy","2cd829bb-b713-433d-99cf-64bef11e5b3e"
"7bd65a7a-f762-11e1-a439-00145eb45e9a","Tropicos MO Specimen Data","10.15468/hja69f","90fd6680-349f-11d8-aa2d-b8a03c50a862"
"e053ff53-c156-4e2e-b9b5-4462e9625424","Tropicos Specimens Non-MO","10.15468/rxbp4w","90fd6680-349f-11d8-aa2d-b8a03c50a862"
"4852540d-afd1-4678-bd20-4aac28f65e2d","UAM Bird Collection (Arctos)","10.15468/cxoocz","d9699a79-4736-45c2-925c-f4033ac67d52"
"d64401ac-6349-4007-b565-477d5d584967","UB herbarium - Universidade de Bras<U+00ED>lia - Herb<U+00E1>rio Virtual REFLORA","10.15468/bgqkzt","838537fc-4aeb-4980-8b58-97fbdcd1d91a"
"8d88898d-a2c4-4616-a1fe-431b9c06b671","UTA Reptiles","10.15468/mlehrb","d003dd60-94fa-11da-a99f-b8a03c50a862"
"064508e2-255e-4d82-9f13-05d73476cc03","United Herbaria of the University and ETH Zurich","10.15468/tjvqci","605e7170-1123-11d9-8433-b8a03c50a862"
"85802736-f762-11e1-a439-00145eb45e9a","United States National Plant Germplasm System Collection","10.15468/ce7fox","9ae75ccd-0ee8-4dd4-a412-3bbcc3ed4b26"
"ad004988-7cbf-4af7-9cdb-d7500cc025f2","University of Florida Herbarium - Bryophytes","10.15468/cuvh8t","8483a1f0-1032-11db-ae00-b8a03c50a862"
"8aa57fb1-a290-467f-a578-77ec8cbe76b6","University of Idaho, Stillinger Herbarium Vascular Plants","10.15468/8htpvx","6567af74-d231-4588-a123-5d0b7a095fda"
"c8d12f8a-7e39-4e2c-92d7-825d590ad15b","University of Michigan Herbarium","10.15468/nl8bvi","174c6da2-e002-42fe-9f56-2f9d670240f4"
"59825263-9f89-43a9-8f22-c22a6a53b8fc","University of Michigan Museum of Zoology, Division of Fishes","10.15468/8cxijb","6ea87510-0561-11d8-b851-b8a03c50a862"
"8e479b8f-ac16-4bed-a11a-bc7e27c31663","University of Michigan Museum of Zoology, Division of Reptiles & Amphibians","10.15468/g3bard","6ea87510-0561-11d8-b851-b8a03c50a862"
"3eb2dcfd-5a51-4576-a12e-b7bdeea251a6","University of New Hampshire Collection of Insects and Arthropods (UNHC-UNHC)","10.15468/n36jmy","154da9ab-c010-422d-8fef-dbc54d10a3c6"
"16630817-fd43-49d6-bfff-ae5ffa473724","University of Tennessee Bryophyte Herbarium","10.15468/64w2b1","61c539d8-47e0-4b82-875f-b95aad66dcd4"
"0afba960-be3b-4202-a7de-736ae05aec9e","University of Vienna, Institute for Botany - Herbarium WU","10.15468/tnj8wm","58520c30-bafb-11d9-8e53-b8a03c50a862"
"8310f570-f762-11e1-a439-00145eb45e9a","University of Washington Herbarium (WTU) - Vascular Plant Collection","10.15468/plngb6","06fcbbf0-0562-11d8-b851-b8a03c50a862"
"854cf79e-f762-11e1-a439-00145eb45e9a","Vertebrate Zoology Division - Ornithology, Yale Peabody Museum","10.15468/h25uz7","2e167bb0-4441-11db-9ba2-b8a03c50a862"
"ed09ed80-262a-4882-8326-359a7d8f7c66","Wisconsin State Herbarium, Bryophytes","10.15468/qqawta","d6bd7c74-ff29-48f8-b5f5-e9dc1afff3db"
"13dacd48-5790-4b99-bf04-08b23922e8aa","Wisconsin State Herbarium, Vascular Plants","10.15468/jn7fkc","d6bd7c74-ff29-48f8-b5f5-e9dc1afff3db"
"b1047888-ae52-4179-9dd5-5448ea342a24","Xeno-canto - Bird sounds from around the world","10.15468/qv0ksn","1f00d75c-f6fc-4224-a595-975e82d7689c"
"50c9509d-22c7-4a22-a47d-8c48425ef4a7","iNaturalist Research-grade Observations","10.15468/ab3s5x","28eb1a3f-1c15-4a95-931a-4af90ecb574d"
