scntfcN,taxnRnk,kingdom,order,family,genus,species
"Bombus opifex Smith, 1879",SPECIES,Animalia,Hymenoptera,Apidae,Bombus,Bombus opifex
"Plegadis ridgwayi (Allen, 1876)",SPECIES,Animalia,Pelecaniformes,Threskiornithidae,Plegadis,Plegadis ridgwayi
"Ardea ibis Linnaeus, 1758",SPECIES,Animalia,Pelecaniformes,Ardeidae,Bubulcus,Bubulcus ibis
"Saltator aurantiirostris Vieillot, 1817",SPECIES,Animalia,Passeriformes,Thraupidae,Saltator,Saltator aurantiirostris
"Cinclodes albiventris (Philippi & Landbeck, 1861)",SPECIES,Animalia,Passeriformes,Furnariidae,Cinclodes,Cinclodes fuscus
"Catamenia analis (d'Orbigny & Lafresnaye, 1837)",SPECIES,Animalia,Passeriformes,Thraupidae,Catamenia,Catamenia analis
"Turdus chiguanco Orbigny & Lafresnaye, 1837",SPECIES,Animalia,Passeriformes,Turdidae,Turdus,Turdus chiguanco
"Scytalopus urubambae Zimmer, 1939",SPECIES,Animalia,Passeriformes,Rhinocryptidae,Scytalopus,Scytalopus urubambae
"Catamenia inornata (Lafresnaye, 1847)",SPECIES,Animalia,Passeriformes,Thraupidae,Catamenia,Catamenia inornata
"Xenodacnis parina Cabanis, 1873",SPECIES,Animalia,Passeriformes,Thraupidae,Xenodacnis,Xenodacnis parina
"Colibri coruscans (Gould, 1846)",SPECIES,Animalia,Apodiformes,Trochilidae,Colibri,Colibri coruscans
"Oreonympha nobilis Gould, 1869",SPECIES,Animalia,Apodiformes,Trochilidae,Oreonympha,Oreonympha nobilis
"Bolborhynchus orbygnesius (Souance, 1856)",SPECIES,Animalia,Psittaciformes,Psittacidae,Bolborhynchus,Bolborhynchus orbygnesius
"Phrygilus punensis Ridgway, 1887",SPECIES,Animalia,Passeriformes,Thraupidae,Phrygilus,Phrygilus punensis
"Patagona gigas (Vieillot, 1824)",SPECIES,Animalia,Apodiformes,Trochilidae,Patagona,Patagona gigas
"Diglossa brunneiventris Lafresnaye, 1846",SPECIES,Animalia,Passeriformes,Thraupidae,Diglossa,Diglossa brunneiventris
"Ochthoeca leucophrys (Orbigny & Lafresnaye, 1837)",SPECIES,Animalia,Passeriformes,Tyrannidae,Ochthoeca,Ochthoeca leucophrys
"Patagioenas maculosa (Temminck, 1813)",SPECIES,Animalia,Columbiformes,Columbidae,Patagioenas,Patagioenas maculosa
"Conirostrum cinereum d'Orbigny & Lafresnaye, 1838",SPECIES,Animalia,Passeriformes,Thraupidae,Conirostrum,Conirostrum cinereum
"Troglodytes musculus J.F.Naumann, 1823",SPECIES,Animalia,Passeriformes,Troglodytidae,Troglodytes,Troglodytes musculus
"Metallura tyrianthina (Loddiges, 1832)",SPECIES,Animalia,Apodiformes,Trochilidae,Metallura,Metallura tyrianthina
"Spinus magellanicus (Vieillot, 1805)",SPECIES,Animalia,Passeriformes,Fringillidae,Spinus,Spinus magellanicus
"Lesbia nuna (R.Lesson, 1832)",SPECIES,Animalia,Apodiformes,Trochilidae,Lesbia,Lesbia nuna
"Aglaeactis cupripennis (Bourcier, 1843)",SPECIES,Animalia,Apodiformes,Trochilidae,Aglaeactis,Aglaeactis cupripennis
"Asthenes ottonis (Berlepsch, 1901)",SPECIES,Animalia,Passeriformes,Furnariidae,Asthenes,Asthenes ottonis
"Colaptes rupicola d'Orbigny, 1840",SPECIES,Animalia,Piciformes,Picidae,Colaptes,Colaptes rupicola
"Diglossa sittoides (d'Orbigny & Lafresnaye, 1838)",SPECIES,Animalia,Passeriformes,Thraupidae,Diglossa,Diglossa sittoides
"Orochelidon andecola (d'Orbigny & Lafresnaye, 1837)",SPECIES,Animalia,Passeriformes,Hirundinidae,Haplochelidon,Haplochelidon andecola
"Poospizopsis caesar (P.L.Sclater & Salvin, 1869)",SPECIES,Animalia,Passeriformes,Thraupidae,Poospizopsis,Poospizopsis caesar
"Chaetocercus mulsant (Bourcier, 1843)",SPECIES,Animalia,Apodiformes,Trochilidae,Chaetocercus,Chaetocercus mulsant
"Zenaida auriculata (Des Murs, 1847)",SPECIES,Animalia,Columbiformes,Columbidae,Zenaida,Zenaida auriculata
"Grallaria andicolus (Cabanis, 1873)",SPECIES,Animalia,Passeriformes,Grallariidae,Grallaria,Grallaria andicolus
"Lesbia victoriae (Bourcier & Mulsant, 1846)",SPECIES,Animalia,Apodiformes,Trochilidae,Lesbia,Lesbia victoriae
"Zonotrichia capensis (P.L.S.Müller, 1776)",SPECIES,Animalia,Passeriformes,Passerellidae,Zonotrichia,Zonotrichia capensis
"Metriopelia ceciliae (R.Lesson, 1845)",SPECIES,Animalia,Columbiformes,Columbidae,Metriopelia,Metriopelia ceciliae
"Agriornis montanus (Orbigny & Lafresnaye, 1837)",SPECIES,Animalia,Passeriformes,Tyrannidae,Agriornis,Agriornis montanus
"Aglaeactis castelnaudii (Bourcier & Mulsant, 1848)",SPECIES,Animalia,Apodiformes,Trochilidae,Aglaeactis,Aglaeactis castelnaudii
"Anairetes flavirostris P.L.Sclater & Salvin, 1876",SPECIES,Animalia,Passeriformes,Tyrannidae,Anairetes,Anairetes flavirostris
"Conirostrum ferrugineiventre P.L.Sclater, 1855",SPECIES,Animalia,Passeriformes,Thraupidae,Conirostrum,Conirostrum ferrugineiventre
"Orochelidon murina (Cassin, 1853)",SPECIES,Animalia,Passeriformes,Hirundinidae,Notiochelidon,Notiochelidon murina
"Falco femoralis Temminck, 1822",SPECIES,Animalia,Falconiformes,Falconidae,Falco,Falco femoralis
"Falco sparverius Linnaeus, 1758",SPECIES,Animalia,Falconiformes,Falconidae,Falco,Falco sparverius
"Bubo magellanicus (R.Lesson, 1828)",SPECIES,Animalia,Strigiformes,Strigidae,Bubo,Bubo magellanicus
"Cranioleuca albicapilla (Cabanis, 1873)",SPECIES,Animalia,Passeriformes,Furnariidae,Cranioleuca,Cranioleuca albicapilla
"Geranoaetus polyosoma (Quoy & Gaimard, 1824)",SPECIES,Animalia,Accipitriformes,Accipitridae,Buteo,Buteo polyosoma
"Pheucticus aureoventris (d'Orbigny & Lafresnaye, 1837)",SPECIES,Animalia,Passeriformes,Cardinalidae,Pheucticus,Pheucticus aureoventris
"Rhopospina fruticeti (Kittlitz, 1833)",SPECIES,Animalia,Passeriformes,Thraupidae,Rhopospina,Rhopospina fruticeti
"Rauenia bonariensis (J.F.Gmelin, 1789)",SPECIES,Animalia,Passeriformes,Thraupidae,Rauenia,Rauenia bonariensis
"Cinclodes atacamensis (Philippi, 1857)",SPECIES,Animalia,Passeriformes,Furnariidae,Cinclodes,Cinclodes atacamensis
"Pseudocolopteryx acutipennis (P.L.Sclater & Salvin, 1873)",SPECIES,Animalia,Passeriformes,Tyrannidae,Pseudocolopteryx,Pseudocolopteryx acutipennis
"Myiotheretes striaticollis (P.L.Sclater, 1853)",SPECIES,Animalia,Passeriformes,Tyrannidae,Myiotheretes,Myiotheretes striaticollis
"Anas flavirostris Vieillot, 1816",SPECIES,Animalia,Anseriformes,Anatidae,Anas,Anas flavirostris
"Elaenia albiceps (Orbigny & Lafresnaye, 1837)",SPECIES,Animalia,Passeriformes,Tyrannidae,Elaenia,Elaenia albiceps
"Ochthoeca rufipectoralis (Orbigny & Lafresnaye, 1837)",SPECIES,Animalia,Passeriformes,Tyrannidae,Ochthoeca,Ochthoeca rufipectoralis
"Agriornis albicauda (Philippi & Landbeck, 1863)",SPECIES,Animalia,Passeriformes,Tyrannidae,Agriornis,Agriornis andicola
"Muscisaxicola rufivertex Orbigny & Lafresnaye, 1837",SPECIES,Animalia,Passeriformes,Tyrannidae,Muscisaxicola,Muscisaxicola rufivertex
"Turdus fuscater Orbigny & Lafresnaye, 1837",SPECIES,Animalia,Passeriformes,Turdidae,Turdus,Turdus fuscater
"Gallinula galeata (Lichtenstein & Mhc, 1818)",SPECIES,Animalia,Gruiformes,Rallidae,Gallinula,Gallinula chloropus
"Pardirallus sanguinolentus (Swainson, 1838)",SPECIES,Animalia,Gruiformes,Rallidae,Pardirallus,Pardirallus sanguinolentus
"Aeronautes andecolus (d'Orbigny & Lafresnaye, 1837)",SPECIES,Animalia,Apodiformes,Apodidae,Aeronautes,Aeronautes andecolus
"Patagioenas fasciata (Say, 1822)",SPECIES,Animalia,Columbiformes,Columbidae,Patagioenas,Patagioenas fasciata
"Hirundinea ferruginea (Gmelin, 1788)",SPECIES,Animalia,Passeriformes,Tyrannidae,Hirundinea,Hirundinea ferruginea
"Pachyramphus validus (Lichtenstein, 1823)",SPECIES,Animalia,Passeriformes,Cotingidae,Pachyramphus,Pachyramphus validus
"Geranoaetus melanoleucus (Vieillot, 1819)",SPECIES,Animalia,Accipitriformes,Accipitridae,Geranoaetus,Geranoaetus melanoleucus
"Dacnis cayana (Linnaeus, 1766)",SPECIES,Animalia,Passeriformes,Thraupidae,Dacnis,Dacnis cayana
"Ardea alba Linnaeus, 1758",SPECIES,Animalia,Pelecaniformes,Ardeidae,Ardea,Ardea alba
"Vanellus resplendens (Tschudi, 1843)",SPECIES,Animalia,Charadriiformes,Charadriidae,Vanellus,Vanellus resplendens
"Lophonetta specularioides (P.P.King, 1828)",SPECIES,Animalia,Anseriformes,Anatidae,Lophonetta,Lophonetta specularioides
"Nothoprocta pentlandii (G.R.Gray, 1867)",SPECIES,Animalia,Tinamiformes,Tinamidae,Nothoprocta,Nothoprocta pentlandii
"Rhopospina alaudina (Kittlitz, 1833)",SPECIES,Animalia,Passeriformes,Thraupidae,Porphyrospiza,Porphyrospiza alaudina
"Boissonneaua matthewsii (Bourcier, 1847)",SPECIES,Animalia,Apodiformes,Trochilidae,Boissonneaua,Boissonneaua matthewsii
"Falco peregrinus Tunstall, 1771",SPECIES,Animalia,Falconiformes,Falconidae,Falco,Falco peregrinus
"Muscisaxicola maculirostris Orbigny & Lafresnaye, 1837",SPECIES,Animalia,Passeriformes,Tyrannidae,Muscisaxicola,Muscisaxicola maculirostris
"Geospizopsis unicolor (d'Orbigny & Lafresnaye, 1837)",SPECIES,Animalia,Passeriformes,Thraupidae,Geospizopsis,Geospizopsis unicolor
"Oreotrochilus estella (d'Orbigny, 1838)",SPECIES,Animalia,Apodiformes,Trochilidae,Oreotrochilus,Oreotrochilus estella
"Atlapetes forbesi Morrison, 1947",SPECIES,Animalia,Passeriformes,Passerellidae,Atlapetes,Atlapetes forbesi
"Nothoprocta ornata (G.R.Gray, 1867)",SPECIES,Animalia,Tinamiformes,Tinamidae,Nothoprocta,Nothoprocta ornata
"Conirostrum binghami (Chapman, 1919)",SPECIES,Animalia,Passeriformes,Thraupidae,Conirostrum,Conirostrum binghami
"Anairetes parulus (Kittlitz, 1830)",SPECIES,Animalia,Passeriformes,Tyrannidae,Anairetes,Anairetes parulus
"Columba livia J.F.Gmelin, 1789",SPECIES,Animalia,Columbiformes,Columbidae,Columba,Columba livia
"Theristicus branickii Berlepsch & Stolzmann, 1894",SPECIES,Animalia,Pelecaniformes,Threskiornithidae,Theristicus,Theristicus melanopis
"Geositta tenuirostris (Lafresnaye, 1836)",SPECIES,Animalia,Passeriformes,Furnariidae,Geositta,Geositta tenuirostris
"Psittacara mitratus (Tschudi, 1844)",SPECIES,Animalia,Psittaciformes,Psittacidae,Aratinga,Aratinga mitrata
"Asthenes wyatti (P.L.Sclater & Salvin, 1871)",SPECIES,Animalia,Passeriformes,Furnariidae,Asthenes,Asthenes wyatti
"Chroicocephalus serranus (Tschudi, 1844)",SPECIES,Animalia,Charadriiformes,Laridae,Chroicocephalus,Chroicocephalus serranus
"Leptasthenura xenothorax Chapman, 1921",SPECIES,Animalia,Passeriformes,Furnariidae,Leptasthenura,Leptasthenura xenothorax
"Scytalopus simonsi Chubb, 1917",SPECIES,Animalia,Passeriformes,Rhinocryptidae,Scytalopus,Scytalopus simonsi
"Thlypopsis ruficeps (d'Orbigny & Lafresnaye, 1837)",SPECIES,Animalia,Passeriformes,Thraupidae,Thlypopsis,Thlypopsis ruficeps
"Glaucidium peruanum C.König, 1991",SPECIES,Animalia,Strigiformes,Strigidae,Glaucidium,Glaucidium peruanum
"Aeronautes montivagus (d'Orbigny & Lafresnaye, 1837)",SPECIES,Animalia,Apodiformes,Apodidae,Aeronautes,Aeronautes montivagus
"Nycticorax nycticorax (Linnaeus, 1758)",SPECIES,Animalia,Pelecaniformes,Ardeidae,Nycticorax,Nycticorax nycticorax
"Asio flammeus (Pontoppidan, 1763)",SPECIES,Animalia,Strigiformes,Strigidae,Asio,Asio flammeus
"Ampelion rubrocristatus (Orbigny & Lafresnaye, 1837)",SPECIES,Animalia,Passeriformes,Cotingidae,Ampelion,Ampelion rubrocristatus
"Muscisaxicola juninensis Taczanowski, 1884",SPECIES,Animalia,Passeriformes,Tyrannidae,Muscisaxicola,Muscisaxicola juninensis
"Nothoprocta taczanowskii P.L.Sclater & Salvin, 1875",SPECIES,Animalia,Tinamiformes,Tinamidae,Nothoprocta,Nothoprocta taczanowskii
"Metriopelia melanoptera (Molina, 1782)",SPECIES,Animalia,Columbiformes,Columbidae,Metriopelia,Metriopelia melanoptera
"Phacellodomus striaticeps (Orbigny & Lafresnaye, 1838)",SPECIES,Animalia,Passeriformes,Furnariidae,Phacellodomus,Phacellodomus striaticeps
"Muscisaxicola griseus Taczanowski, 1884",SPECIES,Animalia,Passeriformes,Tyrannidae,Muscisaxicola,Muscisaxicola griseus
"Rollandia rolland (Quoy & Gaimard, 1824)",SPECIES,Animalia,Podicipediformes,Podicipedidae,Rollandia,Rollandia rolland
"Spatula puna (Tschudi, 1844)",SPECIES,Animalia,Anseriformes,Anatidae,Spatula,Spatula puna
"Tringa solitaria A.Wilson, 1813",SPECIES,Animalia,Charadriiformes,Scolopacidae,Tringa,Tringa solitaria
"Crypturellus cinereus (J.F.Gmelin, 1789)",SPECIES,Animalia,Tinamiformes,Tinamidae,Crypturellus,Crypturellus cinereus
"Tinamus osgoodi Conover, 1949",SPECIES,Animalia,Tinamiformes,Tinamidae,Tinamus,Tinamus osgoodi
"Systellura longirostris (Bonaparte, 1825)",SPECIES,Animalia,Caprimulgiformes,Caprimulgidae,Systellura,Systellura longirostris
"Geospizopsis plebejus (Tschudi, 1844)",SPECIES,Animalia,Passeriformes,Thraupidae,Geospizopsis,Geospizopsis plebejus
"Ochthoeca fumicolor P.L.Sclater, 1856",SPECIES,Animalia,Passeriformes,Tyrannidae,Ochthoeca,Ochthoeca fumicolor
"Cathartes aura (Linnaeus, 1758)",SPECIES,Animalia,Accipitriformes,Cathartidae,Cathartes,Cathartes aura
"Ochthoeca oenanthoides (Orbigny & Lafresnaye, 1837)",SPECIES,Animalia,Passeriformes,Tyrannidae,Ochthoeca,Ochthoeca oenanthoides
"Anairetes alpinus (Carriker, 1933)",SPECIES,Animalia,Passeriformes,Tyrannidae,Anairetes,Anairetes alpinus
"Vultur gryphus Linnaeus, 1758",SPECIES,Animalia,Accipitriformes,Cathartidae,Vultur,Vultur gryphus
"Asthenes humilis (Cabanis, 1873)",SPECIES,Animalia,Passeriformes,Furnariidae,Asthenes,Asthenes humilis
"Asthenes virgata (P.L.Sclater, 1874)",SPECIES,Animalia,Passeriformes,Furnariidae,Asthenes,Asthenes virgata
"Chalcostigma olivaceum (Lawrence, 1864)",SPECIES,Animalia,Apodiformes,Trochilidae,Chalcostigma,Chalcostigma olivaceum
"Spinus atratus (d'Orbigny & Lafresnaye, 1837)",SPECIES,Animalia,Passeriformes,Fringillidae,Spinus,Spinus atratus
"Muscisaxicola cinereus Philippi & Landbeck, 1864",SPECIES,Animalia,Passeriformes,Tyrannidae,Muscisaxicola,Muscisaxicola cinereus
"Dubusia castaneoventris (P.L.Sclater, 1851)",SPECIES,Animalia,Passeriformes,Thraupidae,Dubusia,Dubusia castaneoventris
"Spinus crassirostris (Landbeck, 1877)",SPECIES,Animalia,Passeriformes,Fringillidae,Spinus,Spinus crassirostris
"Sicalis olivascens (d'Orbigny & Lafresnaye, 1837)",SPECIES,Animalia,Passeriformes,Thraupidae,Sicalis,Sicalis olivascens
"Mesonychium garleppi (Schrottky, 1910)",SPECIES,Animalia,Hymenoptera,Apidae,Mesonychium,Mesonychium garleppi
"Eristalis bogotensis Macquart, 1842",SPECIES,Animalia,Diptera,Syrphidae,Eristalis,Eristalis bogotensis
"Streptoprocne zonaris (Shaw, 1796)",SPECIES,Animalia,Apodiformes,Apodidae,Streptoprocne,Streptoprocne zonaris
"Cnemarchus rufipennis (Taczanowski, 1874)",SPECIES,Animalia,Passeriformes,Tyrannidae,Polioxolmis,Polioxolmis rufipennis
"Buteo albigula Philippi, 1899",SPECIES,Animalia,Accipitriformes,Accipitridae,Buteo,Buteo albigula
"Coragyps atratus (Bechstein, 1793)",SPECIES,Animalia,Accipitriformes,Cathartidae,Coragyps,Coragyps atratus
"Argiope argentata (Fabricius, 1775)",SPECIES,Animalia,Araneae,Araneidae,Argiope,Argiope argentata
"Dryobates nigriceps (d'Orbigny, 1841)",SPECIES,Animalia,Piciformes,Picidae,Veniliornis,Veniliornis nigriceps
"Catharus ustulatus (Nuttall, 1840)",SPECIES,Animalia,Passeriformes,Turdidae,Catharus,Catharus ustulatus
"Anas georgica J.F.Gmelin, 1789",SPECIES,Animalia,Anseriformes,Anatidae,Anas,Anas georgica
"Fulica ardesiaca Tschudi, 1843",SPECIES,Animalia,Gruiformes,Rallidae,Fulica,Fulica ardesiaca
"Tringa melanoleuca (J.F.Gmelin, 1789)",SPECIES,Animalia,Charadriiformes,Scolopacidae,Tringa,Tringa melanoleuca
"Spatula cyanoptera (Vieillot, 1816)",SPECIES,Animalia,Anseriformes,Anatidae,Spatula,Spatula cyanoptera
"Agelasticus thilius (Molina, 1782)",SPECIES,Animalia,Passeriformes,Icteridae,Agelasticus,Agelasticus thilius
"Tringa flavipes (J.F.Gmelin, 1789)",SPECIES,Animalia,Charadriiformes,Scolopacidae,Tringa,Tringa flavipes
"Egretta thula (Molina, 1782)",SPECIES,Animalia,Pelecaniformes,Ardeidae,Egretta,Egretta thula
"Empidonax alnorum Brewster, 1895",SPECIES,Animalia,Passeriformes,Tyrannidae,Empidonax,Empidonax alnorum
"Athene cunicularia (Molina, 1782)",SPECIES,Animalia,Strigiformes,Strigidae,Athene,Athene cunicularia
"Apis mellifera Linnaeus, 1758",SPECIES,Animalia,Hymenoptera,Apidae,Apis,Apis mellifera
"Ara ararauna (Linnaeus, 1758)",SPECIES,Animalia,Psittaciformes,Psittacidae,Ara,Ara ararauna
Itylos koa,SPECIES,Animalia,Lepidoptera,Lycaenidae,Itylos,Itylos koa
"Leptotes callanga (Dyar, 1913)",SPECIES,Animalia,Lepidoptera,Lycaenidae,Leptotes,Leptotes callanga
"Cinclus leucocephalus Tschudi, 1844",SPECIES,Animalia,Passeriformes,Cinclidae,Cinclus,Cinclus leucocephalus
"Merganetta armata Gould, 1842",SPECIES,Animalia,Anseriformes,Anatidae,Merganetta,Merganetta armata
"Linothele uniformis Drolshagen & Bäckstam, 2021",SPECIES,Animalia,Araneae,Dipluridae,Linothele,Linothele uniformis
"Elaenia pallatangae P.L.Sclater, 1862",SPECIES,Animalia,Passeriformes,Tyrannidae,Elaenia,Elaenia pallatangae
"Asthenes modesta (Eyton, 1851)",SPECIES,Animalia,Passeriformes,Furnariidae,Asthenes,Asthenes modesta
"Oressochen melanopterus (Eyton, 1838)",SPECIES,Animalia,Anseriformes,Anatidae,Chloephaga,Chloephaga melanoptera
Junonia vestina,SPECIES,Animalia,Lepidoptera,Nymphalidae,Junonia,Junonia vestina
"Rothschildia arethusa Walker, 1855",SPECIES,Animalia,Lepidoptera,Saturniidae,Rothschildia,Rothschildia arethusa
"Serpophaga cinerea (Tschudi, 1844)",SPECIES,Animalia,Passeriformes,Tyrannidae,Serpophaga,Serpophaga cinerea
"Asthenes maculicauda (Berlepsch, 1901)",SPECIES,Animalia,Passeriformes,Furnariidae,Asthenes,Asthenes maculicauda
"Streptoprocne rutila (Vieillot, 1817)",SPECIES,Animalia,Apodiformes,Apodidae,Streptoprocne,Streptoprocne rutila
"Elliotomyia chionogaster (Tschudi, 1846)",SPECIES,Animalia,Apodiformes,Trochilidae,Elliotomyia,Elliotomyia chionogaster
"Ara severus (Linnaeus, 1758)",SPECIES,Animalia,Psittaciformes,Psittacidae,Ara,Ara severus
"Oxyura ferruginea (Eyton, 1838)",SPECIES,Animalia,Anseriformes,Anatidae,Oxyura,Oxyura ferruginea
"Circus cinereus Vieillot, 1816",SPECIES,Animalia,Accipitriformes,Accipitridae,Circus,Circus cinereus
"Elliotomyia viridicauda (von Berlepsch, 1883)",SPECIES,Animalia,Apodiformes,Trochilidae,Elliotomyia,Elliotomyia viridicauda
"Phalaropus tricolor (Vieillot, 1819)",SPECIES,Animalia,Charadriiformes,Scolopacidae,Phalaropus,Phalaropus tricolor
"Podiceps occipitalis Garnot, 1826",SPECIES,Animalia,Podicipediformes,Podicipedidae,Podiceps,Podiceps occipitalis
"Calidris melanotos (Vieillot, 1819)",SPECIES,Animalia,Charadriiformes,Scolopacidae,Calidris,Calidris melanotos
"Upucerthia validirostris (Burmeister, 1861)",SPECIES,Animalia,Passeriformes,Furnariidae,Upucerthia,Upucerthia validirostris
"Idiopsar speculifer (d'Orbigny & Lafresnaye, 1837)",SPECIES,Animalia,Passeriformes,Thraupidae,Idiopsar,Idiopsar speculifer
"Pygochelidon cyanoleuca (Vieillot, 1817)",SPECIES,Animalia,Passeriformes,Hirundinidae,Notiochelidon,Notiochelidon cyanoleuca
"Hirundo rustica Linnaeus, 1758",SPECIES,Animalia,Passeriformes,Hirundinidae,Hirundo,Hirundo rustica
"Colibri cyanotus (Bourcier, 1843)",SPECIES,Animalia,Apodiformes,Trochilidae,Colibri,Colibri cyanotus
"Pheucticus chrysogaster (Lesson, 1832)",SPECIES,Animalia,Passeriformes,Cardinalidae,Pheucticus,Pheucticus chrysogaster
"Uromyias agraphia (Chapman, 1919)",SPECIES,Animalia,Passeriformes,Tyrannidae,Anairetes,Anairetes agraphia
"Sayornis nigricans (Swainson, 1827)",SPECIES,Animalia,Passeriformes,Tyrannidae,Sayornis,Sayornis nigricans
"Pompilus dichromorphus (Rohwer, 1913)",SPECIES,Animalia,Hymenoptera,Pompilidae,Arachnospila,Arachnospila dichromorphus
"Aporus cuzco Evans, 1973",SPECIES,Animalia,Hymenoptera,Pompilidae,Aporus,Aporus cuzco
"Aridestus porteri Evans, 1966",SPECIES,Animalia,Hymenoptera,Pompilidae,Aridestus,Aridestus porteri
"Polistes xanthogaster willei Bequard, 1940",SUBSPECIES,Animalia,Hymenoptera,Eumenidae,Polistes,Polistes xanthogaster
"Epiphile chrysites Latreille, 1823",SPECIES,Animalia,Lepidoptera,Nymphalidae,Epiphile,Epiphile chrysites
"Bufo spinulosus spinulosus Wiegmann, 1834",SUBSPECIES,Animalia,Anura,Bufonidae,Rhinella,Rhinella spinulosa
"Hesperomys frida Thomas, 1917",SPECIES,Animalia,Rodentia,Cricetidae,Calomys,Calomys sorellus
"Auliscomys pictus (Thomas, 1884)",SPECIES,Animalia,Rodentia,Cricetidae,Auliscomys,Auliscomys pictus
"Akodon boliviensis Meyen, 1833",SPECIES,Animalia,Rodentia,Cricetidae,Akodon,Akodon boliviensis
"Phyllotis osilae J.A.Allen, 1901",SPECIES,Animalia,Rodentia,Cricetidae,Phyllotis,Phyllotis osilae
"Rhinella spinulosa (Wiegmann, 1834)",SPECIES,Animalia,Anura,Bufonidae,Rhinella,Rhinella spinulosa
"Tachymenis peruviana Wiegmann, 1834",SPECIES,Animalia,NA,Colubridae,Tachymenis,Tachymenis peruviana
"Gastrotheca marsupiata (Duméril & Bibron, 1841)",SPECIES,Animalia,Anura,Hemiphractidae,Gastrotheca,Gastrotheca marsupiata
"Pedaliodes empusa (Felder, 1867)",SPECIES,Animalia,Lepidoptera,Nymphalidae,Pedaliodes,Pedaliodes empusa
"Pedaliodes prosa Staudinger, 1894",SPECIES,Animalia,Lepidoptera,Nymphalidae,Pedaliodes,Pedaliodes prosa
"Adelpha aricia Hewitson, 1847",SPECIES,Animalia,Lepidoptera,Nymphalidae,Limenitis,Limenitis aricia
"Lasiophila piscina Thieme, 1902",SPECIES,Animalia,Lepidoptera,Nymphalidae,Lasiophila,Lasiophila piscina
"Adelpha saundersii Hewitson, 1867",SPECIES,Animalia,Lepidoptera,Nymphalidae,Limenitis,Limenitis saundersii
"Atopsyche irregulare Banks, 1913",SPECIES,Animalia,Trichoptera,Hydrobiosidae,Atopsyche,Atopsyche irregulare
"Steremnia umbracina Butler, 1873",SPECIES,Animalia,Lepidoptera,Nymphalidae,Steremnia,Steremnia pronophila
"Steroma modesta Weymer, 1911",SPECIES,Animalia,Lepidoptera,Nymphalidae,Steroma,Steroma modesta
"Lasiophila circe Felder, 1859",SPECIES,Animalia,Lepidoptera,Nymphalidae,Lasiophila,Lasiophila circe
"Punapedaliodes albopunctata Weymer, 1890",SPECIES,Animalia,Lepidoptera,Nymphalidae,Punapedaliodes,Punapedaliodes albopunctata
"Corades cistene Hewitson, 1863",SPECIES,Animalia,Lepidoptera,Nymphalidae,Corades,Corades cistene
"Punargentus lamna Thieme, 1904",SPECIES,Animalia,Lepidoptera,Nymphalidae,Punargentus,Punargentus lamna
"Oleria quintina (C.Felder & R.Felder, 1865)",SPECIES,Animalia,Lepidoptera,Nymphalidae,Oleria,Oleria quintina
"Catasticta cora (Lucas, 1852)",SPECIES,Animalia,Lepidoptera,Pieridae,Catasticta,Catasticta cora
"Marpesia petreus (Cramer, 1776)",SPECIES,Animalia,Lepidoptera,Nymphalidae,Marpesia,Marpesia petreus
"Asterope leprieuri (Feisthamel, 1835)",SPECIES,Animalia,Lepidoptera,Nymphalidae,Asterope,Asterope leprieuri
"Doxocopa agathina (Cramer, 1777)",SPECIES,Animalia,Lepidoptera,Nymphalidae,Doxocopa,Doxocopa agathina
"Pedaliodes porina Hewitson, 1862",SPECIES,Animalia,Lepidoptera,Nymphalidae,Pedaliodes,Pedaliodes porina
Ancyluris meliboeus eudaemon,SUBSPECIES,Animalia,NA,NA,Ancyluris,Ancyluris meliboeus
"Lymanopoda melia Weymer, 1911",SPECIES,Animalia,Lepidoptera,Nymphalidae,Lymanopoda,Lymanopoda nivea
Pronophila cordillera Westwood,SPECIES,Animalia,Lepidoptera,Nymphalidae,Pronophila,Pronophila cordillera
"Heliconius melpomene (Linnaeus, 1758)",SPECIES,Animalia,Lepidoptera,Nymphalidae,Heliconius,Heliconius melpomene
"Panyapedaliodes mara Thieme, 1905",SPECIES,Animalia,Lepidoptera,Nymphalidae,Panyapedaliodes,Panyapedaliodes mara
"Lymanopoda eubagioides Butler, 1873",SPECIES,Animalia,Lepidoptera,Nymphalidae,Lymanopoda,Lymanopoda eubagioides
"Mygona thammi Staudinger, 1875",SPECIES,Animalia,Lepidoptera,Nymphalidae,Mygona,Mygona thammi
"Doxocopa laurentia (Godart, 1823)",SPECIES,Animalia,Lepidoptera,Nymphalidae,Doxocopa,Doxocopa laurentia
"Historis odius (Fabricius, 1775)",SPECIES,Animalia,Lepidoptera,Nymphalidae,Historis,Historis odius
"Tachuris rubrigastra (Vieillot, 1817)",SPECIES,Animalia,Passeriformes,Tyrannidae,Tachuris,Tachuris rubrigastra
"Eristalis tenax (Linnaeus, 1758)",SPECIES,Animalia,Diptera,Syrphidae,Eristalis,Eristalis tenax
"Vanessa braziliensis (Moore, 1883)",SPECIES,Animalia,Lepidoptera,Nymphalidae,Vanessa,Vanessa braziliensis
"Equus asinus Linnaeus, 1758",SPECIES,Animalia,Perissodactyla,Equidae,Equus,Equus asinus
"Lepus europaeus Pallas, 1778",SPECIES,Animalia,Lagomorpha,Leporidae,Lepus,Lepus europaeus
"Canis familiaris Linnaeus, 1758",SPECIES,Animalia,Carnivora,Canidae,Canis,Canis lupus
"Caracara plancus (J.F.Miller, 1777)",SPECIES,Animalia,Falconiformes,Falconidae,Caracara,Caracara plancus
"Himantopus mexicanus (P.L.S.Müller, 1776)",SPECIES,Animalia,Charadriiformes,Recurvirostridae,Himantopus,Himantopus mexicanus
"Sicalis luteola (Sparrman, 1789)",SPECIES,Animalia,Passeriformes,Thraupidae,Sicalis,Sicalis luteola
"Phleocryptes melanops (Vieillot, 1817)",SPECIES,Animalia,Passeriformes,Furnariidae,Phleocryptes,Phleocryptes melanops
"Phoenicopterus chilensis Molina, 1782",SPECIES,Animalia,Phoenicopteriformes,Phoenicopteridae,Phoenicopterus,Phoenicopterus chilensis
"Calidris bairdii (Coues, 1861)",SPECIES,Animalia,Charadriiformes,Scolopacidae,Calidris,Calidris bairdii
"Sporophila luctuosa (Lafresnaye, 1843)",SPECIES,Animalia,Passeriformes,Thraupidae,Sporophila,Sporophila luctuosa
"Nannopterum brasilianum (J.F.Gmelin, 1789)",SPECIES,Animalia,Suliformes,Phalacrocoracidae,Phalacrocorax,Phalacrocorax brasilianus
"Actitis macularius (Linnaeus, 1766)",SPECIES,Animalia,Charadriiformes,Scolopacidae,Actitis,Actitis macularius
"Egretta caerulea (Linnaeus, 1758)",SPECIES,Animalia,Pelecaniformes,Ardeidae,Egretta,Egretta caerulea
"Lessonia oreas (P.L.Sclater & Salvin, 1869)",SPECIES,Animalia,Passeriformes,Tyrannidae,Lessonia,Lessonia oreas
"Riparia riparia (Linnaeus, 1758)",SPECIES,Animalia,Passeriformes,Hirundinidae,Riparia,Riparia riparia
"Dolichonyx oryzivorus (Linnaeus, 1758)",SPECIES,Animalia,Passeriformes,Icteridae,Dolichonyx,Dolichonyx oryzivorus
"Spatula discors (Linnaeus, 1766)",SPECIES,Animalia,Anseriformes,Anatidae,Spatula,Spatula discors
"Butorides striata (Linnaeus, 1758)",SPECIES,Animalia,Pelecaniformes,Ardeidae,Butorides,Butorides striata
"Metriopelia aymara (Prévost, 1840)",SPECIES,Animalia,Columbiformes,Columbidae,Metriopelia,Metriopelia aymara
"Sicalis uropigyalis (d'Orbigny & Lafresnaye, 1837)",SPECIES,Animalia,Passeriformes,Thraupidae,Sicalis,Sicalis uropigyalis
"Anas bahamensis Linnaeus, 1758",SPECIES,Animalia,Anseriformes,Anatidae,Anas,Anas bahamensis
"Anthus brevirostris Taczanowski, 1875",SPECIES,Animalia,Passeriformes,Motacillidae,Anthus,Anthus brevirostris
"Fulica gigantea Eydoux & Souleyet, 1841",SPECIES,Animalia,Gruiformes,Rallidae,Fulica,Fulica gigantea
"Calidris himantopus (Bonaparte, 1826)",SPECIES,Animalia,Charadriiformes,Scolopacidae,Calidris,Calidris himantopus
"Vanellus chilensis (Molina, 1782)",SPECIES,Animalia,Charadriiformes,Charadriidae,Vanellus,Vanellus chilensis
"Leptotila verreauxi Bonaparte, 1855",SPECIES,Animalia,Columbiformes,Columbidae,Leptotila,Leptotila verreauxi
"Buteo brachyurus Vieillot, 1816",SPECIES,Animalia,Accipitriformes,Accipitridae,Buteo,Buteo brachyurus
"Asthenes dorbignyi (Reichenbach, 1853)",SPECIES,Animalia,Passeriformes,Furnariidae,Asthenes,Asthenes dorbignyi
"Tachybaptus dominicus (Linnaeus, 1766)",SPECIES,Animalia,Podicipediformes,Podicipedidae,Tachybaptus,Tachybaptus dominicus
"Nystalus chacuru (Vieillot, 1816)",SPECIES,Animalia,Piciformes,Bucconidae,Nystalus,Nystalus chacuru
"Knipolegus aterrimus Kaup, 1853",SPECIES,Animalia,Passeriformes,Tyrannidae,Knipolegus,Knipolegus aterrimus
"Agelasticus xanthophthalmus (Short, 1969)",SPECIES,Animalia,Passeriformes,Icteridae,Agelasticus,Agelasticus xanthophthalmus
"Gallinago andina Taczanowski, 1875",SPECIES,Animalia,Charadriiformes,Scolopacidae,Gallinago,Gallinago andina
"Pluvialis dominica (P.L.S.Müller, 1776)",SPECIES,Animalia,Charadriiformes,Charadriidae,Pluvialis,Pluvialis dominica
"Petrochelidon pyrrhonota (Vieillot, 1817)",SPECIES,Animalia,Passeriformes,Hirundinidae,Petrochelidon,Petrochelidon pyrrhonota
"Limosa haemastica (Linnaeus, 1758)",SPECIES,Animalia,Charadriiformes,Scolopacidae,Limosa,Limosa haemastica
"Ardea cocoi Linnaeus, 1766",SPECIES,Animalia,Pelecaniformes,Ardeidae,Ardea,Ardea cocoi
"Sclerurus obscurior Hartert & Ejo, 1901",SPECIES,Animalia,Passeriformes,Furnariidae,Sclerurus,Sclerurus obscurior
"Ictinia plumbea (Gmelin, 1788)",SPECIES,Animalia,Accipitriformes,Accipitridae,Ictinia,Ictinia plumbea
"Progne tapera (Linnaeus, 1766)",SPECIES,Animalia,Passeriformes,Hirundinidae,Progne,Progne tapera
"Eriocnemis luciani (Bourcier, 1847)",SPECIES,Animalia,Apodiformes,Trochilidae,Eriocnemis,Eriocnemis luciani
"Sporophila nigricollis (Vieillot, 1823)",SPECIES,Animalia,Passeriformes,Thraupidae,Sporophila,Sporophila nigricollis
"Nothura darwinii G.R.Gray, 1867",SPECIES,Animalia,Tinamiformes,Tinamidae,Nothura,Nothura darwinii
"Myiornis ecaudatus (Orbigny & Lafresnaye, 1837)",SPECIES,Animalia,Passeriformes,Tyrannidae,Myiornis,Myiornis ecaudatus
"Passer domesticus (Linnaeus, 1758)",SPECIES,Animalia,Passeriformes,Passeridae,Passer,Passer domesticus
"Charadrius semipalmatus Bonaparte, 1825",SPECIES,Animalia,Charadriiformes,Charadriidae,Charadrius,Charadrius semipalmatus
"Columbina talpacoti (Temminck, 1810)",SPECIES,Animalia,Columbiformes,Columbidae,Columbina,Columbina talpacoti
"Catamenia homochroa P.L.Sclater, 1859",SPECIES,Animalia,Passeriformes,Thraupidae,Catamenia,Catamenia homochroa
"Kleinothraupis atropileus (Lafresnaye, 1842)",SPECIES,Animalia,Passeriformes,Thraupidae,Kleinothraupis,Kleinothraupis atropileus
"Recurvirostra andina Philippi & Landbeck, 1861",SPECIES,Animalia,Charadriiformes,Recurvirostridae,Recurvirostra,Recurvirostra andina
"Calidris pusilla (Linnaeus, 1766)",SPECIES,Animalia,Charadriiformes,Scolopacidae,Calidris,Calidris pusilla
"Chlorornis riefferii (Boissonneau, 1840)",SPECIES,Animalia,Passeriformes,Thraupidae,Chlorornis,Chlorornis riefferii
"Dendrocygna autumnalis (Linnaeus, 1758)",SPECIES,Animalia,Anseriformes,Anatidae,Dendrocygna,Dendrocygna autumnalis
"Pseudastur albicollis (Latham, 1790)",SPECIES,Animalia,Accipitriformes,Accipitridae,Leucopternis,Leucopternis albicollis
"Porphyrio martinica (Linnaeus, 1766)",SPECIES,Animalia,Gruiformes,Rallidae,Porphyrio,Porphyrio martinica
"Bartramia longicauda (Bechstein, 1812)",SPECIES,Animalia,Charadriiformes,Scolopacidae,Bartramia,Bartramia longicauda
"Crypturellus obsoletus (Temminck, 1815)",SPECIES,Animalia,Tinamiformes,Tinamidae,Crypturellus,Crypturellus obsoletus
"Orochelidon flavipes (Chapman, 1922)",SPECIES,Animalia,Passeriformes,Hirundinidae,Notiochelidon,Notiochelidon flavipes
"Coccyzus americanus (Linnaeus, 1758)",SPECIES,Animalia,Cuculiformes,Cuculidae,Coccyzus,Coccyzus americanus
"Glaucidium bolivianum C.König, 1991",SPECIES,Animalia,Strigiformes,Strigidae,Glaucidium,Glaucidium bolivianum
"Accipiter striatus Vieillot, 1808",SPECIES,Animalia,Accipitriformes,Accipitridae,Accipiter,Accipiter striatus
"Empidonomus aurantioatrocristatus (Orbigny & Lafresnaye, 1837)",SPECIES,Animalia,Passeriformes,Tyrannidae,Empidonomus,Empidonomus aurantioatrocristatus
"Buteogallus solitarius (Tschudi, 1844)",SPECIES,Animalia,Accipitriformes,Accipitridae,Harpyhaliaetus,Harpyhaliaetus solitarius
"Patagioenas plumbea (Vieillot, 1818)",SPECIES,Animalia,Columbiformes,Columbidae,Patagioenas,Patagioenas plumbea
"Calidris subruficollis (Vieillot, 1819)",SPECIES,Animalia,Charadriiformes,Scolopacidae,Calidris,Calidris subruficollis
"Calidris minutilla (Vieillot, 1819)",SPECIES,Animalia,Charadriiformes,Scolopacidae,Calidris,Calidris minutilla
"Chlidonias niger (Linnaeus, 1758)",SPECIES,Animalia,Charadriiformes,Laridae,Chlidonias,Chlidonias niger
"Progne subis (Linnaeus, 1758)",SPECIES,Animalia,Passeriformes,Hirundinidae,Progne,Progne subis
"Calidris fuscicollis (Vieillot, 1819)",SPECIES,Animalia,Charadriiformes,Scolopacidae,Calidris,Calidris fuscicollis
"Mycteria americana Linnaeus, 1758",SPECIES,Animalia,Ciconiiformes,Ciconiidae,Mycteria,Mycteria americana
"Amaurolimnas concolor (Gosse, 1847)",SPECIES,Animalia,Gruiformes,Rallidae,Amaurolimnas,Amaurolimnas concolor
"Sylviorthorhynchus yanacensis (Carriker, 1933)",SPECIES,Animalia,Passeriformes,Furnariidae,Leptasthenura,Leptasthenura yanacensis
"Thraupis episcopus (Linnaeus, 1766)",SPECIES,Animalia,Passeriformes,Thraupidae,Thraupis,Thraupis episcopus
"Syrtidicola fluviatilis (P.L.Sclater & Salvin, 1866)",SPECIES,Animalia,Passeriformes,Tyrannidae,Muscisaxicola,Muscisaxicola fluviatilis
"Tyto furcata (Temminck, 1827)",SPECIES,Animalia,Strigiformes,Tytonidae,Tyto,Tyto furcata
"Anisognathus igniventris (d'Orbigny & Lafresnaye, 1837)",SPECIES,Animalia,Passeriformes,Thraupidae,Anisognathus,Anisognathus igniventris
"Mecocerculus leucophrys (Orbigny & Lafresnaye, 1837)",SPECIES,Animalia,Passeriformes,Tyrannidae,Mecocerculus,Mecocerculus leucophrys
"Spinus olivaceus von Berlepsch & Stolzmann, 1894",SPECIES,Animalia,Passeriformes,Fringillidae,Spinus,Spinus olivaceus
"Podilymbus podiceps (Linnaeus, 1758)",SPECIES,Animalia,Podicipediformes,Podicipedidae,Podilymbus,Podilymbus podiceps
"Crotophaga ani Linnaeus, 1758",SPECIES,Animalia,Cuculiformes,Cuculidae,Crotophaga,Crotophaga ani
"Tyrannus melancholicus Vieillot, 1819",SPECIES,Animalia,Passeriformes,Tyrannidae,Tyrannus,Tyrannus melancholicus
"Calidris alba (Pallas, 1764)",SPECIES,Animalia,Charadriiformes,Scolopacidae,Calidris,Calidris alba
"Volatinia jacarina (Linnaeus, 1766)",SPECIES,Animalia,Passeriformes,Thraupidae,Volatinia,Volatinia jacarina
"Porzana carolina (Linnaeus, 1758)",SPECIES,Animalia,Gruiformes,Rallidae,Porzana,Porzana carolina
"Leucophaeus atricilla (Linnaeus, 1758)",SPECIES,Animalia,Charadriiformes,Laridae,Leucophaeus,Leucophaeus atricilla
"Heliodoxa rubinoides (Bourcier & Mulsant, 1846)",SPECIES,Animalia,Apodiformes,Trochilidae,Heliodoxa,Heliodoxa rubinoides
"Penelope montagnii (Bonaparte, 1856)",SPECIES,Animalia,Galliformes,Cracidae,Penelope,Penelope montagnii
"Anthus bogotensis P.L.Sclater, 1855",SPECIES,Animalia,Passeriformes,Motacillidae,Anthus,Anthus bogotensis
"Gallinago jamesoni (Jardine & Bonaparte, 1855)",SPECIES,Animalia,Charadriiformes,Scolopacidae,Gallinago,Gallinago jamesoni
"Thinocorus orbignyianus I.Geoffroy Saint-Hilaire & R.Lesson, 1831",SPECIES,Animalia,Charadriiformes,Thinocoridae,Thinocorus,Thinocorus orbignyianus
"Anas cyanoptera Vieillot, 1816",SPECIES,Animalia,Anseriformes,Anatidae,Spatula,Spatula cyanoptera
"Anas versicolor Vieillot, 1816",SPECIES,Animalia,Anseriformes,Anatidae,Spatula,Spatula versicolor
"Spatula cyanoptera orinoma (Oberholser, 1906)",SUBSPECIES,Animalia,Anseriformes,Anatidae,Spatula,Spatula cyanoptera
"Muscisaxicola albilora Lafresnaye, 1855",SPECIES,Animalia,Passeriformes,Tyrannidae,Muscisaxicola,Muscisaxicola albilora
"Asthenes helleri (Chapman, 1923)",SPECIES,Animalia,Passeriformes,Furnariidae,Schizoeaca,Schizoeaca helleri
"Agriornis micropterus Gould, 1839",SPECIES,Animalia,Passeriformes,Tyrannidae,Agriornis,Agriornis micropterus
"Orestias agassizii Valenciennes, 1846",SPECIES,Animalia,Cyprinodontiformes,Cyprinodontidae,Orestias,Orestias agassizii
"Orestias agassii Valenciennes, 1846",SPECIES,Animalia,Cyprinodontiformes,Cyprinodontidae,Orestias,Orestias agassizii
"Telmatobius jelskii (Peters, 1873)",SPECIES,Animalia,Anura,Telmatobiidae,Telmatobius,Telmatobius jelskii
"Orestias empyraeus Allen, 1942",SPECIES,Animalia,Cyprinodontiformes,Cyprinodontidae,Orestias,Orestias empyraeus
"Lieinix nemesis (Latreille, 1813)",SPECIES,Animalia,Lepidoptera,Pieridae,Lieinix,Lieinix nemesis
"Cacoscelis marginata binotata Illiger, 1807",SUBSPECIES,Animalia,Coleoptera,Chrysomelidae,Cacoscelis,Cacoscelis marginata
"Aglaeactis cupripennis caumatonota Gould, 1848",SUBSPECIES,Animalia,Apodiformes,Trochilidae,Aglaeactis,Aglaeactis cupripennis
"Xenodacnis parina parina Cabanis, 1873",SUBSPECIES,Animalia,Passeriformes,Thraupidae,Xenodacnis,Xenodacnis parina
"Saltator aurantiirostris albociliaris (Philippi & Landbeck, 1861)",SUBSPECIES,Animalia,Passeriformes,Thraupidae,Saltator,Saltator aurantiirostris
"Sangala alcera (Boisduval, 1870)",SPECIES,Animalia,Lepidoptera,Geometridae,Sangala,Sangala alcera
"Lagidium viscacia (Molina, 1782)",SPECIES,Animalia,Rodentia,Chinchillidae,Lagidium,Lagidium viscacia
"Pterophanes cyanopterus (Fraser, 1840)",SPECIES,Animalia,Apodiformes,Trochilidae,Pterophanes,Pterophanes cyanopterus
"Tinamus major (J.F.Gmelin, 1789)",SPECIES,Animalia,Tinamiformes,Tinamidae,Tinamus,Tinamus major
"Tinamus guttatus Pelzeln, 1863",SPECIES,Animalia,Tinamiformes,Tinamidae,Tinamus,Tinamus guttatus
"Diglossa cyanea (Lafresnaye, 1840)",SPECIES,Animalia,Passeriformes,Thraupidae,Diglossa,Diglossa cyanea
"Synallaxis courseni Blake, 1971",SPECIES,Animalia,Passeriformes,Furnariidae,Synallaxis,Synallaxis courseni
"Ramphomicron microrhynchum (Boissonneau, 1840)",SPECIES,Animalia,Apodiformes,Trochilidae,Ramphomicron,Ramphomicron microrhynchum
"Vireo chivi (Vieillot, 1817)",SPECIES,Animalia,Passeriformes,Vireonidae,Vireo,Vireo olivaceus
"Colaptes rivolii (Boissonneau, 1840)",SPECIES,Animalia,Piciformes,Picidae,Colaptes,Colaptes rivolii
"Megascops koepckeae (Hekstra, 1982)",SPECIES,Animalia,Strigiformes,Strigidae,Megascops,Megascops koepckeae
"Geositta cunicularia (Vieillot, 1816)",SPECIES,Animalia,Passeriformes,Furnariidae,Geositta,Geositta cunicularia
"Buteo albonotatus Kaup, 1847",SPECIES,Animalia,Accipitriformes,Accipitridae,Buteo,Buteo albonotatus
"Agriornis montanus insolens P.L.Sclater & Salvin, 1869",SUBSPECIES,Animalia,Passeriformes,Tyrannidae,Agriornis,Agriornis montanus
"Rupornis magnirostris (Gmelin, 1788)",SPECIES,Animalia,Accipitriformes,Accipitridae,Rupornis,Rupornis magnirostris
"Cavia tschudii Fitzinger, 1857",SPECIES,Animalia,Rodentia,Caviidae,Cavia,Cavia tschudii
"Oreonympha nobilis nobilis Gould, 1869",SUBSPECIES,Animalia,Apodiformes,Trochilidae,Oreonympha,Oreonympha nobilis
"Rhionaeschna fissifrons (Muzón & von Ellenrieder, 2001)",SPECIES,Animalia,Odonata,Aeshnidae,Rhionaeschna,Rhionaeschna fissifrons
"Bombus funebris Smith, 1854",SPECIES,Animalia,Hymenoptera,Apidae,Bombus,Bombus funebris
"Carduelis magellanica peruana (von Berlepsch & Stolzmann, 1896)",SUBSPECIES,Animalia,Passeriformes,Fringillidae,Spinus,Spinus magellanicus
"Astroblepus sabalo (Valenciennes, 1840)",SPECIES,Animalia,Siluriformes,Astroblepidae,Astroblepus,Astroblepus sabalo
"Dipsas peruana (Boettger, 1898)",SPECIES,Animalia,NA,Colubridae,Dipsas,Dipsas peruana
"Atractus peruvianus (Jan, 1862)",SPECIES,Animalia,NA,Colubridae,Atractus,Atractus peruvianus
"Armadillidium vulgare (Latreille, 1804)",SPECIES,Animalia,Isopoda,Armadillidiidae,Armadillidium,Armadillidium vulgare
"Felis catus Linnaeus, 1758",SPECIES,Animalia,Carnivora,Felidae,Felis,Felis catus
"Myiotheretes fuscorufus (P.L.Sclater & Salvin, 1876)",SPECIES,Animalia,Passeriformes,Tyrannidae,Myiotheretes,Myiotheretes fuscorufus
"Vireo olivaceus (Linnaeus, 1766)",SPECIES,Animalia,Passeriformes,Vireonidae,Vireo,Vireo olivaceus
"Pipraeidea melanonota (Vieillot, 1819)",SPECIES,Animalia,Passeriformes,Thraupidae,Pipraeidea,Pipraeidea melanonota
"Synallaxis albigularis P.L.Sclater, 1858",SPECIES,Animalia,Passeriformes,Furnariidae,Synallaxis,Synallaxis albigularis
"Cyanocorax violaceus Du Bus de Gisignies, 1847",SPECIES,Animalia,Passeriformes,Corvidae,Cyanocorax,Cyanocorax violaceus
"Melanerpes cruentatus (Boddaert, 1783)",SPECIES,Animalia,Piciformes,Picidae,Melanerpes,Melanerpes cruentatus
"Cacicus cela (Linnaeus, 1758)",SPECIES,Animalia,Passeriformes,Icteridae,Cacicus,Cacicus cela
"Monasa nigrifrons (von Spix, 1824)",SPECIES,Animalia,Piciformes,Bucconidae,Monasa,Monasa nigrifrons
"Icterus croconotus (Wagler, 1829)",SPECIES,Animalia,Passeriformes,Icteridae,Icterus,Icterus icterus
"Asemospiza obscura (d'Orbigny & Lafresnaye, 1837)",SPECIES,Animalia,Passeriformes,Thraupidae,Asemospiza,Asemospiza obscura
"Bos taurus Linnaeus, 1758",SPECIES,Animalia,Artiodactyla,Bovidae,Bos,Bos taurus
"Lafresnaya lafresnayi (Boissonneau, 1840)",SPECIES,Animalia,Apodiformes,Trochilidae,Lafresnaya,Lafresnaya lafresnayi
"Pyrrhomyias cinnamomeus (Orbigny & Lafresnaye, 1837)",SPECIES,Animalia,Passeriformes,Tyrannidae,Pyrrhomyias,Pyrrhomyias cinnamomeus
"Cacicus chrysonotus (Lafresnaye & Orbigny, 1838)",SPECIES,Animalia,Passeriformes,Icteridae,Cacicus,Cacicus chrysonotus
"Chlorostilbon mellisugus (Linnaeus, 1758)",SPECIES,Animalia,Apodiformes,Trochilidae,Chlorostilbon,Chlorostilbon mellisugus
"Muscisaxicola flavinucha Lafresnaye, 1855",SPECIES,Animalia,Passeriformes,Tyrannidae,Muscisaxicola,Muscisaxicola flavinucha
"Grallaria squamigera Prevost & Des Murs, 1842",SPECIES,Animalia,Passeriformes,Grallariidae,Grallaria,Grallaria squamigera
"Contopus virens (Linnaeus, 1766)",SPECIES,Animalia,Passeriformes,Tyrannidae,Contopus,Contopus virens
"Contopus sordidulus P.L.Sclater, 1859",SPECIES,Animalia,Passeriformes,Tyrannidae,Contopus,Contopus sordidulus
"Colaptes punctigula (Boddaert, 1783)",SPECIES,Animalia,Piciformes,Picidae,Colaptes,Colaptes punctigula
"Myiothlypis luteoviridis (Bonaparte, 1845)",SPECIES,Animalia,Passeriformes,Parulidae,Myiothlypis,Myiothlypis luteoviridis
"Lama pacos (Linnaeus, 1758)",SPECIES,Animalia,Artiodactyla,Camelidae,Vicugna,Vicugna pacos
"Bolborhynchus lineola (Cassin, 1853)",SPECIES,Animalia,Psittaciformes,Psittacidae,Bolborhynchus,Bolborhynchus lineola
"Chalcostigma stanleyi (Bourcier, 1851)",SPECIES,Animalia,Apodiformes,Trochilidae,Chalcostigma,Chalcostigma stanleyi
"Elaenia obscura (Orbigny & Lafresnaye, 1837)",SPECIES,Animalia,Passeriformes,Tyrannidae,Elaenia,Elaenia obscura
"Aglaiocercus kingii (R.Lesson, 1832)",SPECIES,Animalia,Apodiformes,Trochilidae,Aglaiocercus,Aglaiocercus kingii
"Elaenia flavogaster (Thunberg, 1822)",SPECIES,Animalia,Passeriformes,Tyrannidae,Elaenia,Elaenia flavogaster
"Pitangus sulphuratus (Linnaeus, 1766)",SPECIES,Animalia,Passeriformes,Tyrannidae,Pitangus,Pitangus sulphuratus
"Turdus serranus Tschudi, 1844",SPECIES,Animalia,Passeriformes,Turdidae,Turdus,Turdus serranus
"Tigrisoma fasciatum (Such, 1825)",SPECIES,Animalia,Pelecaniformes,Ardeidae,Tigrisoma,Tigrisoma fasciatum
"Tangara xanthocephala (Tschudi, 1844)",SPECIES,Animalia,Passeriformes,Thraupidae,Tangara,Tangara xanthocephala
"Myiothlypis signata (von Berlepsch & Stolzmann, 1906)",SPECIES,Animalia,Passeriformes,Parulidae,Myiothlypis,Myiothlypis signata
"Danaus gilippus (Cramer, 1775)",SPECIES,Animalia,Lepidoptera,Nymphalidae,Danaus,Danaus gilippus
"Colaptes rubiginosus (Swainson, 1820)",SPECIES,Animalia,Piciformes,Picidae,Colaptes,Colaptes rubiginosus
"Dione juno Cramer, 1779",SPECIES,Animalia,Lepidoptera,Nymphalidae,Dione,Dione juno
"Lycalopex culpaeus (Molina, 1782)",SPECIES,Animalia,Carnivora,Canidae,Lycalopex,Lycalopex culpaeus
"Odocoileus virginianus peruvianus (Gray, 1874)",SUBSPECIES,Animalia,Artiodactyla,Cervidae,Odocoileus,Odocoileus virginianus
"Megascops koepckeae hockingi Fjeldså et al., 2012",SUBSPECIES,Animalia,Strigiformes,Strigidae,Megascops,Megascops koepckeae
"Nystalus chacuru uncirostris (Stolzmann, 1926)",SUBSPECIES,Animalia,Piciformes,Bucconidae,Nystalus,Nystalus chacuru
"Hemiargus hanno (Stoll, 1790)",SPECIES,Animalia,Lepidoptera,Lycaenidae,Hemiargus,Hemiargus hanno
"Rekoa palegon (Cramer, 1780)",SPECIES,Animalia,Lepidoptera,Lycaenidae,Rekoa,Rekoa palegon
"Dione vanillae maculosa Stichel, 1907",SUBSPECIES,Animalia,Lepidoptera,Nymphalidae,Dione,Dione vanillae
"Cecropterus dorantes (Stoll, 1790)",SPECIES,Animalia,Lepidoptera,Hesperiidae,Urbanus,Urbanus dorantes
"Danaus plexippus nigrippus Haensch, 1909",SUBSPECIES,Animalia,Lepidoptera,Nymphalidae,Danaus,Danaus plexippus
"Hylephila phyleus (Drury, 1773)",SPECIES,Animalia,Lepidoptera,Hesperiidae,Hylephila,Hylephila phyleus
Hamadryas februa (Hübner),SPECIES,Animalia,Lepidoptera,Nymphalidae,Hamadryas,Hamadryas februa
"Parabuteo leucorrhous (Quoy & Gaimard, 1824)",SPECIES,Animalia,Accipitriformes,Accipitridae,Percnohierax,Percnohierax leucorrhous
"Myiophobus fasciatus (Statius Muller, 1776)",SPECIES,Animalia,Passeriformes,Tyrannidae,Myiophobus,Myiophobus fasciatus
"Aegolius harrisii (Cassin, 1849)",SPECIES,Animalia,Strigiformes,Strigidae,Aegolius,Aegolius harrisii
"Myrmotherula longicauda Berlepsch & Stolzmann, 1894",SPECIES,Animalia,Passeriformes,Thamnophilidae,Myrmotherula,Myrmotherula longicauda
"Epinecrophylla ornata (P.L.Sclater, 1853)",SPECIES,Animalia,Passeriformes,Thamnophilidae,Epinecrophylla,Epinecrophylla ornata
"Myioborus melanocephalus (Tschudi, 1844)",SPECIES,Animalia,Passeriformes,Parulidae,Myioborus,Myioborus melanocephalus
"Chionomesa lactea (R.Lesson, 1832)",SPECIES,Animalia,Apodiformes,Trochilidae,Chionomesa,Chionomesa lactea
"Vireo leucophrys (Lafresnaye, 1844)",SPECIES,Animalia,Passeriformes,Vireonidae,Vireo,Vireo leucophrys
"Strymon rufofusca (Hewitson, 1877)",SPECIES,Animalia,Lepidoptera,Lycaenidae,Thecla,Thecla rufofusca
"Muscisaxicola albifrons (Tschudi, 1844)",SPECIES,Animalia,Passeriformes,Tyrannidae,Muscisaxicola,Muscisaxicola albifrons
"Heraclides anchisiades (Esper, 1788)",SPECIES,Animalia,Lepidoptera,Papilionidae,Papilio,Papilio anchisiades
"Polistes xanthogaster Bequard, 1940",SPECIES,Animalia,Hymenoptera,Eumenidae,Polistes,Polistes xanthogaster
"Pheucticus aureoventris aureoventris (d'Orbigny & Lafresnaye, 1837)",SUBSPECIES,Animalia,Passeriformes,Cardinalidae,Pheucticus,Pheucticus aureoventris
"Asthenes huancavelicae usheri Morrison, 1947",SUBSPECIES,Animalia,Passeriformes,Furnariidae,Asthenes,Asthenes huancavelicae
"Agrius cingulata Fabricius, 1775",SPECIES,Animalia,Lepidoptera,Sphingidae,Agrius,Agrius cingulata
"Hyles lineata Fabricius, 1775",SPECIES,Animalia,Lepidoptera,Sphingidae,Hyles,Hyles lineata
"Melipotis bisinuata Felder, 1874",SPECIES,Animalia,Lepidoptera,Erebidae,Melipotis,Melipotis cellaris
"Manduca paphus Herrich-Schäffer, 1865",SPECIES,Animalia,Lepidoptera,Sphingidae,Manduca,Manduca afflicta
"Melipotis trujillensis Dognin, 1912",SPECIES,Animalia,Lepidoptera,Erebidae,Melipotis,Melipotis trujillensis
"Ambonus interrogationis (Blanchard, 1847)",SPECIES,Animalia,Coleoptera,Cerambycidae,Ambonus,Ambonus interrogationis
Yphthimoides leguialimai,SPECIES,Animalia,Lepidoptera,Nymphalidae,Yphthimoides,Yphthimoides leguialimai
"Myiarchus tuberculifer (Orbigny & Lafresnaye, 1837)",SPECIES,Animalia,Passeriformes,Tyrannidae,Myiarchus,Myiarchus tuberculifer
"Saltator maximus (P.L.S.Müller, 1776)",SPECIES,Animalia,Passeriformes,Thraupidae,Saltator,Saltator maximus
"Asthenes huancavelicae Morrison, 1938",SPECIES,Animalia,Passeriformes,Furnariidae,Asthenes,Asthenes huancavelicae
"Metallura aeneocauda (Gould, 1846)",SPECIES,Animalia,Apodiformes,Trochilidae,Metallura,Metallura aeneocauda
"Hypanartia bella Fabricius, 1793",SPECIES,Animalia,Lepidoptera,Nymphalidae,Hypanartia,Hypanartia bella
"Dione vanillae (Linnaeus, 1758)",SPECIES,Animalia,Lepidoptera,Nymphalidae,Dione,Dione vanillae
"Danaus plexippus (Linnaeus, 1758)",SPECIES,Animalia,Lepidoptera,Nymphalidae,Danaus,Danaus plexippus
"Dynamine tithia Hübner, 1823",SPECIES,Animalia,Lepidoptera,Nymphalidae,Dynamine,Dynamine tithia
"Sporathraupis cyanocephala (d'Orbigny & Lafresnaye, 1837)",SPECIES,Animalia,Passeriformes,Thraupidae,Sporathraupis,Sporathraupis cyanocephala
"Paraclaravis mondetoura (Bonaparte, 1856)",SPECIES,Animalia,Columbiformes,Columbidae,Claravis,Claravis mondetoura
"Eurema nise (Cramer, 1775)",SPECIES,Animalia,Lepidoptera,Pieridae,Pyrisitia,Pyrisitia nise
Chirgus bocchoris trisignatus,SUBSPECIES,Animalia,Lepidoptera,Hesperiidae,Chirgus,Chirgus bocchoris
"Telenassa berenice (Felder, 1862)",SPECIES,Animalia,Lepidoptera,Nymphalidae,Telenassa,Telenassa berenice
"Urbanus elmina Evans, 1952",SPECIES,Animalia,Lepidoptera,Hesperiidae,Urbanus,Urbanus elmina
"Pedaliodes palaepolis Hewitson, 1878",SPECIES,Animalia,Lepidoptera,Nymphalidae,Pedaliodes,Pedaliodes porina
"Burnsius orcus (Stoll, 1780)",SPECIES,Animalia,Lepidoptera,Hesperiidae,Pyrgus,Pyrgus oileus
"Zizula cyna (W.H.Edwards, 1881)",SPECIES,Animalia,Lepidoptera,Lycaenidae,Lycaena,Lycaena cyna
"Leptophobia aripa (Boisduval, 1836)",SPECIES,Animalia,Lepidoptera,Pieridae,Leptophobia,Leptophobia aripa
Strymon bazochii bazochii,SUBSPECIES,Animalia,Lepidoptera,Lycaenidae,Strymon,Strymon bazochii
Hedone vibex,SPECIES,Animalia,Lepidoptera,Hesperiidae,Polites,Hedone vibex
"Thespieus argentina Draudt, 1924",SPECIES,Animalia,Lepidoptera,Hesperiidae,Thespieus,Thespieus argentina
"Strymon bubastus (Stoll, 1780)",SPECIES,Animalia,Lepidoptera,Lycaenidae,Strymon,Strymon bubastus
"Emesis mandana (Cramer, 1780)",SPECIES,Animalia,Lepidoptera,Lycaenidae,Emesis,Emesis mandana
"Hippodamia convergens Guérin-Méneville, 1842",SPECIES,Animalia,Coleoptera,Coccinellidae,Hippodamia,Hippodamia convergens
"Synallaxis azarae Orbigny, 1835",SPECIES,Animalia,Passeriformes,Furnariidae,Synallaxis,Synallaxis azarae
"Lepidocolaptes lacrymiger (Des Murs, 1849)",SPECIES,Animalia,Passeriformes,Furnariidae,Lepidocolaptes,Lepidocolaptes lacrymiger
"Chlorospingus flavopectus (Lafresnaye, 1840)",SPECIES,Animalia,Passeriformes,Passerellidae,Chlorospingus,Chlorospingus flavopectus
"Chalcothraupis ruficervix (Prévost & Des Murs, 1842)",SPECIES,Animalia,Passeriformes,Thraupidae,Chalcothraupis,Chalcothraupis ruficervix
"Myioborus miniatus (Swainson, 1827)",SPECIES,Animalia,Passeriformes,Parulidae,Myioborus,Myioborus miniatus
"Atlapetes canigenis Chapman, 1919",SPECIES,Animalia,Passeriformes,Passerellidae,Atlapetes,Atlapetes canigenis
"Conopias cinchoneti (Tschudi, 1844)",SPECIES,Animalia,Passeriformes,Tyrannidae,Conopias,Conopias cinchoneti
"Amazona mercenaria (Tschudi, 1844)",SPECIES,Animalia,Psittaciformes,Psittacidae,Amazona,Amazona mercenaria
"Adelomyia melanogenys (Fraser, 1840)",SPECIES,Animalia,Apodiformes,Trochilidae,Adelomyia,Adelomyia melanogenys
"Cyanocorax yncas (Boddaert, 1783)",SPECIES,Animalia,Passeriformes,Corvidae,Cyanocorax,Cyanocorax yncas
"Coeligena violifer (Gould, 1846)",SPECIES,Animalia,Apodiformes,Trochilidae,Coeligena,Coeligena violifer
"Rupicola peruvianus (Latham, 1790)",SPECIES,Animalia,Passeriformes,Cotingidae,Rupicola,Rupicola peruvianus
"Piranga flava (Vieillot, 1822)",SPECIES,Animalia,Passeriformes,Cardinalidae,Piranga,Piranga flava
"Stilpnia cyanicollis (d'Orbigny & Lafresnaye, 1837)",SPECIES,Animalia,Passeriformes,Thraupidae,Stilpnia,Stilpnia cyanicollis
"Aglaoctenus lagotis (Holmberg, 1876)",SPECIES,Animalia,Araneae,Lycosidae,Aglaoctenus,Aglaoctenus lagotis
"Dactylopius coccus Costa, 1829",SPECIES,Animalia,Hemiptera,Dactylopiidae,Dactylopius,Dactylopius coccus
"Ensifera ensifera (Boissonneau, 1840)",SPECIES,Animalia,Apodiformes,Trochilidae,Ensifera,Ensifera ensifera
"Leptasthenura andicola P.L.Sclater, 1870",SPECIES,Animalia,Passeriformes,Furnariidae,Leptasthenura,Leptasthenura andicola
"Heliangelus amethysticollis (d'Orbigny & Lafresnaye, 1838)",SPECIES,Animalia,Apodiformes,Trochilidae,Heliangelus,Heliangelus amethysticollis
"Mastigodryas boddaerti (Sentzen, 1796)",SPECIES,Animalia,NA,Colubridae,Mastigodryas,Mastigodryas boddaerti
"Tremarctos ornatus (F.G.Cuvier, 1825)",SPECIES,Animalia,Carnivora,Ursidae,Tremarctos,Tremarctos ornatus
"Nothocercus nigrocapillus (G.R.Gray, 1867)",SPECIES,Animalia,Tinamiformes,Tinamidae,Nothocercus,Nothocercus nigrocapillus
"Sporophila castaneiventris Cabanis, 1849",SPECIES,Animalia,Passeriformes,Thraupidae,Sporophila,Sporophila castaneiventris
"Cranioleuca albicapilla albigula Zimmer, 1924",SUBSPECIES,Animalia,Passeriformes,Furnariidae,Cranioleuca,Cranioleuca albicapilla
"Kleinothraupis parodii (Weske & Terborgh, 1974)",SPECIES,Animalia,Passeriformes,Thraupidae,Kleinothraupis,Kleinothraupis parodii
"Henicorhina leucophrys (Tschudi, 1844)",SPECIES,Animalia,Passeriformes,Troglodytidae,Henicorhina,Henicorhina leucophrys
"Mecocerculus poecilocercus (P.L.Sclater & Salvin, 1873)",SPECIES,Animalia,Passeriformes,Tyrannidae,Mecocerculus,Mecocerculus poecilocercus
"Eotetranychus lewisi (McGregor, 1943)",SPECIES,Animalia,Trombidiformes,Tetranychidae,Eotetranychus,Eotetranychus lewisi
"Tetranychus zamithi Paschoal, 1970",SPECIES,Animalia,Trombidiformes,Tetranychidae,Tetranychus,Tetranychus zamithi
"Dasybasis frequens (Kröber, 1931)",SPECIES,Animalia,Diptera,Tabanidae,Dasybasis,Dasybasis frequens
"Cranioleuca marcapatae Zimmer, 1935",SPECIES,Animalia,Passeriformes,Furnariidae,Cranioleuca,Cranioleuca marcapatae
"Phyllomyias uropygialis (Lawrence, 1869)",SPECIES,Animalia,Passeriformes,Tyrannidae,Phyllomyias,Phyllomyias uropygialis
"Troglodytes aedon Vieillot, 1809",SPECIES,Animalia,Passeriformes,Troglodytidae,Troglodytes,Troglodytes aedon
"Anthophora arequipensis Brèthes, 1920",SPECIES,Animalia,Hymenoptera,Apidae,Anthophora,Anthophora arequipensis
"Chilicola xanthostoma Michener, 2002",SPECIES,Animalia,Hymenoptera,Colletidae,Chilicola,Chilicola xanthostoma
"Chilicola maculipes Michener, 2002",SPECIES,Animalia,Hymenoptera,Colletidae,Chilicola,Chilicola maculipes
"Aratinga wagleri minor Carriker, 1933",SUBSPECIES,Animalia,Psittaciformes,Psittacidae,Aratinga,Aratinga wagleri
"Knipolegus aterrimus anthracinus Cabanis, 1860",SUBSPECIES,Animalia,Passeriformes,Tyrannidae,Knipolegus,Knipolegus aterrimus
"Sporophila nigricollis inconspicua Berlepsch & Stolzmann, 1906",SUBSPECIES,Animalia,Passeriformes,Thraupidae,Sporophila,Sporophila nigricollis
"Stenocercus apurimacus Fritts, 1972",SPECIES,Animalia,NA,Tropiduridae,Stenocercus,Stenocercus apurimacus
"Telmatobius mantaro Ttito, Landauro, Venegas, De la Riva & Chaparro, 2016",SPECIES,Animalia,Anura,Telmatobiidae,Telmatobius,Telmatobius mantaro
"Aglaeactis castelnaudii castelnaudii (Bourcier & Mulsant, 1848)",SUBSPECIES,Animalia,Apodiformes,Trochilidae,Aglaeactis,Aglaeactis castelnaudii
"Merganetta armata turneri P.L.Sclater & Salvin, 1869",SUBSPECIES,Animalia,Anseriformes,Anatidae,Merganetta,Merganetta armata
"Mecocerculus leucophrys brunneomarginatus Chapman, 1924",SUBSPECIES,Animalia,Passeriformes,Tyrannidae,Mecocerculus,Mecocerculus leucophrys
"Tachytes amazonus F.Smith, 1856",SPECIES,Animalia,Hymenoptera,Crabronidae,Tachytes,Tachytes amazonus
"Pompilocalus pachacutec Roig-Alsina, 1989",SPECIES,Animalia,Hymenoptera,Pompilidae,Pompilocalus,Pompilocalus pachacutec
"Polistes versicolor (Olivier, 1791)",SPECIES,Animalia,Hymenoptera,Eumenidae,Polistes,Polistes versicolor
"Proctoporus unsaacae Doan & Castoe, 2003",SPECIES,Animalia,NA,Gymnophthalmidae,Proctoporus,Proctoporus unsaacae
"Atlapetes melanolaemus (P.L.Sclater & Salvin, 1879)",SPECIES,Animalia,Passeriformes,Passerellidae,Atlapetes,Atlapetes melanolaemus
"Proctoporus bolivianus Werner, 1910",SPECIES,Animalia,NA,Gymnophthalmidae,Proctoporus,Proctoporus bolivianus
"Docalidia frondosa Nielson, 1979",SPECIES,Animalia,Hemiptera,Cicadellidae,Docalidia,Docalidia frondosa
"Crinorus projectus Nielson, 1982",SPECIES,Animalia,Hemiptera,Cicadellidae,Crinorus,Crinorus projectus
Pelonium erudiatum,SPECIES,Animalia,Coleoptera,Cleridae,Pelonium,Pelonium erudiatum
"Ancognatha scarabaeoides Erichson, 1847",SPECIES,Animalia,Coleoptera,Scarabaeidae,Ancognatha,Ancognatha scarabaeoides
"Euchroma giganteum (Linnaeus, 1758)",SPECIES,Animalia,Coleoptera,Buprestidae,Euchroma,Euchroma giganteum
"Eudule limbata Burmeister, 1878",SPECIES,Animalia,Lepidoptera,Geometridae,Eudule,Eudule limbata
Strymon bazochii (Godart),SPECIES,Animalia,Lepidoptera,Lycaenidae,Strymon,Strymon bazochii
"Argiope trifasciata (Forsskål, 1775)",SPECIES,Animalia,Araneae,Araneidae,Argiope,Argiope trifasciata
"Zerene cesonia (Stoll, 1790)",SPECIES,Animalia,Lepidoptera,Pieridae,Zerene,Zerene cesonia
"Stenocercus ochoai Fritts, 1972",SPECIES,Animalia,NA,Tropiduridae,Stenocercus,Stenocercus ochoai
"Heliconius erato (Linnaeus, 1758)",SPECIES,Animalia,Lepidoptera,Nymphalidae,Heliconius,Heliconius erato
"Ochthoeca thoracica Taczanowski, 1874",SPECIES,Animalia,Passeriformes,Tyrannidae,Ochthoeca,Ochthoeca thoracica
"Catamblyrhynchus diadema Lafresnaye, 1842",SPECIES,Animalia,Passeriformes,Thraupidae,Catamblyrhynchus,Catamblyrhynchus diadema
"Mecocerculus stictopterus (P.L.Sclater, 1859)",SPECIES,Animalia,Passeriformes,Tyrannidae,Mecocerculus,Mecocerculus stictopterus
"Hoplosphyrum griseum (Philippi, 1863)",SPECIES,Animalia,Orthoptera,Mogoplistidae,Hoplosphyrum,Hoplosphyrum griseum
"Zentrygon frenata (Tschudi, 1843)",SPECIES,Animalia,Columbiformes,Columbidae,Zentrygon,Zentrygon frenata
"Patagioenas maculosa albipennis (P.L.Sclater & Salvin, 1876)",SUBSPECIES,Animalia,Columbiformes,Columbidae,Patagioenas,Patagioenas maculosa
"Amazonetta brasiliensis (J.F.Gmelin, 1789)",SPECIES,Animalia,Anseriformes,Anatidae,Amazonetta,Amazonetta brasiliensis
"Lama glama (Linnaeus, 1758)",SPECIES,Animalia,Artiodactyla,Camelidae,Lama,Lama glama
"Diglossa mystacalis Lafresnaye, 1846",SPECIES,Animalia,Passeriformes,Thraupidae,Diglossa,Diglossa mystacalis
"Lurocalis rufiventris Taczanowski, 1884",SPECIES,Animalia,Caprimulgiformes,Caprimulgidae,Lurocalis,Lurocalis rufiventris
"Myiotheretes fumigatus (Boissonneau, 1840)",SPECIES,Animalia,Passeriformes,Tyrannidae,Myiotheretes,Myiotheretes fumigatus
"Piaya cayana (Linnaeus, 1766)",SPECIES,Animalia,Cuculiformes,Cuculidae,Piaya,Piaya cayana
"Haplospiza rustica (Tschudi, 1844)",SPECIES,Animalia,Passeriformes,Thraupidae,Haplospiza,Haplospiza rustica
"Heliodoxa branickii (Taczanowski, 1874)",SPECIES,Animalia,Apodiformes,Trochilidae,Heliodoxa,Heliodoxa branickii
"Grallaria occabambae (Chapman, 1923)",SPECIES,Animalia,Passeriformes,Grallariidae,Grallaria,Grallaria rufula
"Odontophorus balliviani Gould, 1846",SPECIES,Animalia,Galliformes,Odontophoridae,Odontophorus,Odontophorus balliviani
"Pheugopedius eisenmanni (T.A.Parker & O'Neill, 1985)",SPECIES,Animalia,Passeriformes,Troglodytidae,Pheugopedius,Pheugopedius eisenmanni
"Asthenes vilcabambae (Vaurie, Weske & Terborgh, 1972)",SPECIES,Animalia,Passeriformes,Furnariidae,Schizoeaca,Schizoeaca vilcabambae
"Chaetura cinereiventris P.L.Sclater, 1862",SPECIES,Animalia,Apodiformes,Apodidae,Chaetura,Chaetura cinereiventris
"Troglodytes solstitialis P.L.Sclater, 1859",SPECIES,Animalia,Passeriformes,Troglodytidae,Troglodytes,Troglodytes solstitialis
"Conirostrum speciosum (Temminck, 1824)",SPECIES,Animalia,Passeriformes,Thraupidae,Conirostrum,Conirostrum speciosum
"Andigena hypoglauca (Gould, 1833)",SPECIES,Animalia,Piciformes,Ramphastidae,Andigena,Andigena hypoglauca
"Haplophaedia assimilis (D.G.Elliot, 1876)",SPECIES,Animalia,Apodiformes,Trochilidae,Haplophaedia,Haplophaedia assimilis
"Bombus coccineus Friese, 1903",SPECIES,Animalia,Hymenoptera,Apidae,Bombus,Bombus coccineus
"Cybdelis boliviana Salvin, 1869",SPECIES,Animalia,Lepidoptera,Nymphalidae,Cybdelis,Cybdelis phaesyle
"Dynamine postverta Cramer, 1782",SPECIES,Animalia,Lepidoptera,Nymphalidae,Dynamine,Dynamine mylitta
"Eulaema polychroma (Friese, 1899)",SPECIES,Animalia,Hymenoptera,Apidae,Eulaema,Eulaema polychroma
"Battus polydamas (Linnaeus, 1758)",SPECIES,Animalia,Lepidoptera,Papilionidae,Battus,Battus polydamas
"Vanessa carye (Hübner, 1812)",SPECIES,Animalia,Lepidoptera,Nymphalidae,Vanessa,Vanessa carye
"Myiothlypis chrysogaster (Tschudi, 1844)",SPECIES,Animalia,Passeriformes,Parulidae,Myiothlypis,Myiothlypis chrysogaster
"Chalcostigma ruficeps (Gould, 1846)",SPECIES,Animalia,Apodiformes,Trochilidae,Chalcostigma,Chalcostigma ruficeps
"Falco rufigularis Daudin, 1800",SPECIES,Animalia,Falconiformes,Falconidae,Falco,Falco rufigularis
"Asthenes urubambensis (Chapman, 1919)",SPECIES,Animalia,Passeriformes,Furnariidae,Asthenes,Asthenes urubambensis
"Phoebis philea (Linnaeus, 1763)",SPECIES,Animalia,Lepidoptera,Pieridae,Phoebis,Phoebis philea
Cinclodes albiventris albiventris,SUBSPECIES,Animalia,Passeriformes,Furnariidae,Cinclodes,Cinclodes fuscus
"Thlypopsis ornata (P.L.Sclater, 1859)",SPECIES,Animalia,Passeriformes,Thraupidae,Thlypopsis,Thlypopsis ornata
"Myadestes ralloides (Orbigny, 1840)",SPECIES,Animalia,Passeriformes,Turdidae,Myadestes,Myadestes ralloides
"Micrurus annellatus Peters, 1871",SPECIES,Animalia,NA,Elapidae,Micrurus,Micrurus annellatus
"Peucetia rubrolineata Keyserling, 1877",SPECIES,Animalia,Araneae,Oxyopidae,Peucetia,Peucetia rubrolineata
Oeda informis Westwood,SPECIES,Animalia,Hemiptera,Membracidae,Oeda,Oeda informis
"Oressinoma sorata Salvin, 1868",SPECIES,Animalia,Lepidoptera,Nymphalidae,Oressinoma,Oressinoma typhla
"Paroaria gularis (Linnaeus, 1766)",SPECIES,Animalia,Passeriformes,Thraupidae,Paroaria,Paroaria gularis
"Leptopogon taczanowskii Hellmayr, 1917",SPECIES,Animalia,Passeriformes,Tyrannidae,Leptopogon,Leptopogon taczanowskii
"Thamnophilus caerulescens Vieillot, 1816",SPECIES,Animalia,Passeriformes,Thamnophilidae,Thamnophilus,Thamnophilus caerulescens
"Pseudocolaptes boissonneautii (Lafresnaye, 1840)",SPECIES,Animalia,Passeriformes,Furnariidae,Pseudocolaptes,Pseudocolaptes boissonneautii
"Lymanopoda shefteli Dyar, 1913",SPECIES,Animalia,Lepidoptera,Nymphalidae,Lymanopoda,Lymanopoda shefteli
"Thlypopsis superciliaris (Lafresnaye, 1840)",SPECIES,Animalia,Passeriformes,Thraupidae,Thlypopsis,Thlypopsis superciliaris
"Phaethornis guy (R.Lesson, 1833)",SPECIES,Animalia,Apodiformes,Trochilidae,Phaethornis,Phaethornis guy
"Cistothorus platensis (Latham, 1790)",SPECIES,Animalia,Passeriformes,Troglodytidae,Cistothorus,Cistothorus platensis
"Margarornis squamiger (Orbigny & Lafresnaye, 1838)",SPECIES,Animalia,Passeriformes,Furnariidae,Margarornis,Margarornis squamiger
"Cinclodes aricomae (Carriker, 1932)",SPECIES,Animalia,Passeriformes,Furnariidae,Cinclodes,Cinclodes aricomae
"Conirostrum sitticolor Lafresnaye, 1840",SPECIES,Animalia,Passeriformes,Thraupidae,Conirostrum,Conirostrum sitticolor
"Xiphocolaptes promeropirhynchus (Lesson, 1840)",SPECIES,Animalia,Passeriformes,Furnariidae,Xiphocolaptes,Xiphocolaptes promeropirhynchus
"Silvicultrix frontalis (Lafresnaye, 1847)",SPECIES,Animalia,Passeriformes,Tyrannidae,Ochthoeca,Ochthoeca frontalis
"Coeligena coeligena (R.Lesson, 1833)",SPECIES,Animalia,Apodiformes,Trochilidae,Coeligena,Coeligena coeligena
"Urbanus proteus (Linnaeus, 1758)",SPECIES,Animalia,Lepidoptera,Hesperiidae,Urbanus,Urbanus proteus
"Diabrotica speciosa Germar, 1824",SPECIES,Animalia,Coleoptera,Chrysomelidae,Diabrotica,Diabrotica speciosa
"Tangara vassorii (Boissonneau, 1840)",SPECIES,Animalia,Passeriformes,Thraupidae,Tangara,Tangara vassorii
"Scytalopus parvirostris Zimmer, 1939",SPECIES,Animalia,Passeriformes,Rhinocryptidae,Scytalopus,Scytalopus parvirostris
"Scytalopus schulenbergi B.M.Whitney, 1994",SPECIES,Animalia,Passeriformes,Rhinocryptidae,Scytalopus,Scytalopus schulenbergi
"Strix albitarsis (Bonaparte, 1850)",SPECIES,Animalia,Strigiformes,Strigidae,Strix,Strix albitarsis
"Myiodynastes chrysocephalus (Tschudi, 1844)",SPECIES,Animalia,Passeriformes,Tyrannidae,Myiodynastes,Myiodynastes chrysocephalus
"Campylorhynchus turdinus (Wied-Neuwied, 1821)",SPECIES,Animalia,Passeriformes,Troglodytidae,Campylorhynchus,Campylorhynchus turdinus
"Nephelomyias ochraceiventris (Cabanis, 1873)",SPECIES,Animalia,Passeriformes,Tyrannidae,Myiophobus,Myiophobus ochraceiventris
"Chondrohierax uncinatus (Temminck, 1822)",SPECIES,Animalia,Accipitriformes,Accipitridae,Chondrohierax,Chondrohierax uncinatus
"Sicalis lutea (d'Orbigny & Lafresnaye, 1837)",SPECIES,Animalia,Passeriformes,Thraupidae,Sicalis,Sicalis lutea
"Sphenopsis frontalis (Tschudi, 1844)",SPECIES,Animalia,Passeriformes,Thraupidae,Sphenopsis,Sphenopsis frontalis
"Tapera naevia (Linnaeus, 1766)",SPECIES,Animalia,Cuculiformes,Cuculidae,Tapera,Tapera naevia
"Sporophila caerulescens (Vieillot, 1823)",SPECIES,Animalia,Passeriformes,Thraupidae,Sporophila,Sporophila caerulescens
"Idiopsar brachyurus Cassin, 1867",SPECIES,Animalia,Passeriformes,Thraupidae,Idiopsar,Idiopsar brachyurus
"Conirostrum albifrons Lafresnaye, 1842",SPECIES,Animalia,Passeriformes,Thraupidae,Conirostrum,Conirostrum albifrons
"Synallaxis hypospodia P.L.Sclater, 1874",SPECIES,Animalia,Passeriformes,Furnariidae,Synallaxis,Synallaxis hypospodia
"Coeligena inca (Gould, 1852)",SPECIES,Animalia,Apodiformes,Trochilidae,Coeligena,Coeligena torquata
"Creurgops dentatus (P.L.Sclater & Salvin, 1876)",SPECIES,Animalia,Passeriformes,Thraupidae,Creurgops,Creurgops dentatus
"Leptotila rufaxilla (Richard & Bernard, 1792)",SPECIES,Animalia,Columbiformes,Columbidae,Leptotila,Leptotila rufaxilla
"Euphonia laniirostris d'Orbigny & Lafresnaye, 1837",SPECIES,Animalia,Passeriformes,Fringillidae,Euphonia,Euphonia laniirostris
"Xenops rutilans Temminck, 1821",SPECIES,Animalia,Passeriformes,Furnariidae,Xenops,Xenops rutilans
"Buthraupis montana (d'Orbigny & Lafresnaye, 1837)",SPECIES,Animalia,Passeriformes,Thraupidae,Buthraupis,Buthraupis montana
"Pipra fasciicauda Hellmayr, 1906",SPECIES,Animalia,Passeriformes,Pipridae,Pipra,Pipra fasciicauda
"Glaucidium brasilianum (J.F.Gmelin, 1788)",SPECIES,Animalia,Strigiformes,Strigidae,Glaucidium,Glaucidium brasilianum
"Elaenia parvirostris Pelzeln, 1868",SPECIES,Animalia,Passeriformes,Tyrannidae,Elaenia,Elaenia parvirostris
"Mionectes striaticollis (Orbigny & Lafresnaye, 1837)",SPECIES,Animalia,Passeriformes,Tyrannidae,Mionectes,Mionectes striaticollis
"Iridosornis analis (Tschudi, 1844)",SPECIES,Animalia,Passeriformes,Thraupidae,Iridosornis,Iridosornis analis
"Pipreola arcuata (Lafresnaye, 1843)",SPECIES,Animalia,Passeriformes,Cotingidae,Pipreola,Pipreola arcuata
"Iridosornis jelskii Cabanis, 1873",SPECIES,Animalia,Passeriformes,Thraupidae,Iridosornis,Iridosornis jelskii
"Picumnus dorbignyanus Lafresnaye, 1845",SPECIES,Animalia,Piciformes,Picidae,Picumnus,Picumnus dorbignyanus
"Trogon personatus Gould, 1842",SPECIES,Animalia,Trogoniformes,Trogonidae,Trogon,Trogon personatus
"Cinnycerthia fulva (P.L.Sclater, 1874)",SPECIES,Animalia,Passeriformes,Troglodytidae,Cinnycerthia,Cinnycerthia fulva
"Pionus tumultuosus (Tschudi, 1844)",SPECIES,Animalia,Psittaciformes,Psittacidae,Pionus,Pionus tumultuosus
"Psarocolius atrovirens (Orbigny & Lafresnaye, 1838)",SPECIES,Animalia,Passeriformes,Icteridae,Psarocolius,Psarocolius atrovirens
"Arremon brunneinucha (Lafresnaye, 1839)",SPECIES,Animalia,Passeriformes,Passerellidae,Arremon,Arremon brunneinucha
"Xylocopa viridigastra Lepeletier, 1841",SPECIES,Animalia,Hymenoptera,Apidae,Xylocopa,Xylocopa viridigastra
"Phyllomyias sclateri Berlepsch, 1901",SPECIES,Animalia,Passeriformes,Tyrannidae,Phyllomyias,Phyllomyias sclateri
"Diglossa brunneiventris brunneiventris Lafresnaye, 1846",SUBSPECIES,Animalia,Passeriformes,Thraupidae,Diglossa,Diglossa brunneiventris
Metardaris cosinga cosinga,SUBSPECIES,Animalia,Lepidoptera,Hesperiidae,Metardaris,Metardaris cosinga
"Diglossa caerulescens (P.L.Sclater, 1856)",SPECIES,Animalia,Passeriformes,Thraupidae,Diglossa,Diglossa caerulescens
"Coeligena torquata (Boissonneau, 1840)",SPECIES,Animalia,Apodiformes,Trochilidae,Coeligena,Coeligena torquata
"Piranga olivacea (J.F.Gmelin, 1789)",SPECIES,Animalia,Passeriformes,Cardinalidae,Piranga,Piranga olivacea
"Oncopeltus zonatus (Erichson, 1848)",SPECIES,Animalia,Hemiptera,Lygaeidae,Oncopeltus,Oncopeltus zonatus
"Contopus fumigatus (Orbigny & Lafresnaye, 1837)",SPECIES,Animalia,Passeriformes,Tyrannidae,Contopus,Contopus fumigatus
"Chlorophonia cyanocephala (Vieillot, 1819)",SPECIES,Animalia,Passeriformes,Fringillidae,Euphonia,Euphonia cyanocephala
"Drymophila striaticeps Chapman, 1912",SPECIES,Animalia,Passeriformes,Thamnophilidae,Drymophila,Drymophila striaticeps
"Campephilus haematogaster (Tschudi, 1844)",SPECIES,Animalia,Piciformes,Picidae,Campephilus,Campephilus haematogaster
"Pachyramphus versicolor (Hartlaub, 1843)",SPECIES,Animalia,Passeriformes,Cotingidae,Pachyramphus,Pachyramphus versicolor
"Elaenia gigas P.L.Sclater, 1871",SPECIES,Animalia,Passeriformes,Tyrannidae,Elaenia,Elaenia gigas
"Setophaga pitiayumi (Vieillot, 1817)",SPECIES,Animalia,Passeriformes,Parulidae,Setophaga,Setophaga pitiayumi
"Spizaetus isidori (Des Murs, 1845)",SPECIES,Animalia,Accipitriformes,Accipitridae,Spizaetus,Spizaetus isidori
"Todirostrum cinereum (Linnaeus, 1766)",SPECIES,Animalia,Passeriformes,Tyrannidae,Todirostrum,Todirostrum cinereum
"Cnemarchus erythropygius (P.L.Sclater, 1853)",SPECIES,Animalia,Passeriformes,Tyrannidae,Cnemarchus,Cnemarchus erythropygius
"Anisognathus lacrymosus (Du Bus de Gisignies, 1846)",SPECIES,Animalia,Passeriformes,Thraupidae,Anisognathus,Anisognathus lacrymosus
"Scytalopus atratus Hellmayr, 1922",SPECIES,Animalia,Passeriformes,Rhinocryptidae,Scytalopus,Scytalopus atratus
"Knipolegus poecilurus (P.L.Sclater, 1862)",SPECIES,Animalia,Passeriformes,Tyrannidae,Knipolegus,Knipolegus poecilurus
"Turdus leucops Taczanowski, 1877",SPECIES,Animalia,Passeriformes,Turdidae,Turdus,Turdus leucops
"Heliodoxa leadbeateri (Bourcier, 1843)",SPECIES,Animalia,Apodiformes,Trochilidae,Heliodoxa,Heliodoxa leadbeateri
"Dione glycera (C.Felder & R.Felder, 1861)",SPECIES,Animalia,Lepidoptera,Nymphalidae,Dione,Dione glycera
"Geothlypis velata (Vieillot, 1809)",SPECIES,Animalia,Passeriformes,Parulidae,Geothlypis,Geothlypis velata
"Coereba flaveola (Linnaeus, 1758)",SPECIES,Animalia,Passeriformes,Thraupidae,Coereba,Coereba flaveola
"Rufirallus viridis (Müller & Pls, 1776)",SPECIES,Animalia,Gruiformes,Rallidae,Anurolimnas,Anurolimnas viridis
"Basileuterus tristriatus (Tschudi, 1844)",SPECIES,Animalia,Passeriformes,Parulidae,Basileuterus,Basileuterus tristriatus
"Leptosittaca branickii Berlepsch & Stolzmann, 1894",SPECIES,Animalia,Psittaciformes,Psittacidae,Leptosittaca,Leptosittaca branickii
"Muscisaxicola rufivertex occipitalis Ridgway, 1887",SUBSPECIES,Animalia,Passeriformes,Tyrannidae,Muscisaxicola,Muscisaxicola rufivertex
"Atlapetes tricolor (Taczanowski, 1875)",SPECIES,Animalia,Passeriformes,Passerellidae,Atlapetes,Atlapetes tricolor
"Chloephaga melanoptera (Eyton, 1838)",SPECIES,Animalia,Anseriformes,Anatidae,Chloephaga,Chloephaga melanoptera
"Sporophila angolensis (Linnaeus, 1766)",SPECIES,Animalia,Passeriformes,Thraupidae,Sporophila,Sporophila angolensis
"Sphenopsis melanotis (P.L.Sclater, 1855)",SPECIES,Animalia,Passeriformes,Thraupidae,Sphenopsis,Sphenopsis melanotis
"Amblycercus holosericeus (Deppe, 1830)",SPECIES,Animalia,Passeriformes,Icteridae,Amblycercus,Amblycercus holosericeus
"Uropsalis segmentata (Cassin, 1849)",SPECIES,Animalia,Caprimulgiformes,Caprimulgidae,Uropsalis,Uropsalis segmentata
"Xenops genibarbis Illiger, 1811",SPECIES,Animalia,Passeriformes,Furnariidae,Xenops,Xenops genibarbis
"Myiothlypis coronata (Tschudi, 1844)",SPECIES,Animalia,Passeriformes,Parulidae,Myiothlypis,Myiothlypis coronata
"Oxyura jamaicensis ferruginea (Eyton, 1838)",SUBSPECIES,Animalia,Anseriformes,Anatidae,Oxyura,Oxyura ferruginea
"Megascops albogularis (Cassin, 1849)",SPECIES,Animalia,Strigiformes,Strigidae,Megascops,Megascops albogularis
"Metardaris cosinga (Hewitson, 1874)",SPECIES,Animalia,Lepidoptera,Hesperiidae,Metardaris,Metardaris cosinga
"Panyapedaliodes drymaea (Hewitson, 1858)",SPECIES,Animalia,Lepidoptera,Nymphalidae,Panyapedaliodes,Panyapedaliodes drymaea
"Geospizopsis unicolor geospizopsis (Bonaparte, 1853)",SUBSPECIES,Animalia,Passeriformes,Thraupidae,Geospizopsis,Geospizopsis unicolor
"Momotus aequatorialis Gould, 1858",SPECIES,Animalia,Coraciiformes,Momotidae,Momotus,Momotus aequatorialis
"Pharomachrus auriceps (Gould, 1842)",SPECIES,Animalia,Trogoniformes,Trogonidae,Pharomachrus,Pharomachrus auriceps
"Psittacara frontatus (Cabanis, 1846)",SPECIES,Animalia,Psittaciformes,Psittacidae,Aratinga,Aratinga wagleri
"Euphonia minuta Cabanis, 1849",SPECIES,Animalia,Passeriformes,Fringillidae,Euphonia,Euphonia minuta
"Psarocolius decumanus (Pallas, 1769)",SPECIES,Animalia,Passeriformes,Icteridae,Psarocolius,Psarocolius decumanus
"Vanessa altissima (Rosenberg & Talbot, 1914)",SPECIES,Animalia,Lepidoptera,Nymphalidae,Vanessa,Vanessa altissima
"Pheucticus aureoventris terminalis Chapman, 1919",SUBSPECIES,Animalia,Passeriformes,Cardinalidae,Pheucticus,Pheucticus aureoventris
"Sarcoramphus papa (Linnaeus, 1758)",SPECIES,Animalia,Accipitriformes,Cathartidae,Sarcoramphus,Sarcoramphus papa
Drymoea alcera,SPECIES,Animalia,Lepidoptera,Geometridae,Drymoea,Drymoea alcera
"Danaus candidus Clark, 1941",SPECIES,Animalia,Lepidoptera,Nymphalidae,Danaus,Danaus gilippus
"Lasiophila orbifera Butler, 1868",SPECIES,Animalia,Lepidoptera,Nymphalidae,Lasiophila,Lasiophila orbifera
"Heliconius microclea Kaye, 1907",SPECIES,Animalia,Lepidoptera,Nymphalidae,Heliconius,Heliconius microclea
"Saltator coerulescens Vieillot, 1817",SPECIES,Animalia,Passeriformes,Thraupidae,Saltator,Saltator coerulescens
"Pyrrhura roseifrons (G.R.Gray, 1859)",SPECIES,Animalia,Psittaciformes,Psittacidae,Pyrrhura,Pyrrhura picta
"Tyrannus tyrannus (Linnaeus, 1758)",SPECIES,Animalia,Passeriformes,Tyrannidae,Tyrannus,Tyrannus tyrannus
"Bostryx cuspidatus (Morelet, 1863)",SPECIES,Animalia,Stylommatophora,Bulimulidae,Bostryx,Bostryx cuspidatus
"Boetia curiosa Dodge, 1965",SPECIES,Animalia,Diptera,Sarcophagidae,Microcerella,Microcerella curiosa
"Apiomerus obesus Lima, Seabra & Hathaway, 1951",SPECIES,Animalia,Hemiptera,Reduviidae,Apiomerus,Apiomerus luctuosus
"Bulinus laurentii G.B.Sowerby I, 1833",SPECIES,Animalia,Stylommatophora,Bulimulidae,Bostryx,Bostryx laurentii
"Megastraea undosa (W.Wood, 1828)",SPECIES,Animalia,Trochida,Turbinidae,Megastraea,Megastraea undosa
